sku,partner,during,baseline,ratio,gap_weeks,product_absent,product_partner
20712,20713,13.4,202.375,0.066,5,JUMBO BAG WOODLAND ANIMALS,JUMBO BAG OWLS
20712,21931,339.2,374.625,0.905,5,JUMBO BAG WOODLAND ANIMALS,JUMBO STORAGE BAG SUKI
20712,22386,390.8,504.375,0.775,5,JUMBO BAG WOODLAND ANIMALS,JUMBO BAG PINK POLKADOT
20713,20712,0.0,110.0,0.0,3,JUMBO BAG OWLS,JUMBO BAG WOODLAND ANIMALS
20713,21931,284.667,429.5,0.663,3,JUMBO BAG OWLS,JUMBO STORAGE BAG SUKI
20713,85099B,756.333,954.625,0.792,3,JUMBO BAG OWLS,JUMBO BAG RED RETROSPOT
20713,20712,183.111,237.5,0.771,9,JUMBO BAG OWLS,JUMBO BAG WOODLAND ANIMALS
20713,21931,208.778,272.25,0.767,9,JUMBO BAG OWLS,JUMBO STORAGE BAG SUKI
20713,85099B,699.444,1033.0,0.677,9,JUMBO BAG OWLS,JUMBO BAG RED RETROSPOT
21166,21175,0.0,126.0,0.0,3,COOK WITH WINE METAL SIGN,GIN + TONIC DIET METAL SIGN
21166,85152,107.667,194.125,0.555,3,COOK WITH WINE METAL SIGN,HAND OVER THE CHOCOLATE   SIGN
21166,21181,0.0,276.875,0.0,3,COOK WITH WINE METAL SIGN,PLEASE ONE PERSON METAL SIGN
21166,21175,100.667,212.375,0.474,3,COOK WITH WINE METAL SIGN,GIN + TONIC DIET METAL SIGN
21166,85152,0.333,159.625,0.002,3,COOK WITH WINE METAL SIGN,HAND OVER THE CHOCOLATE   SIGN
21166,21181,0.0,295.375,0.0,3,COOK WITH WINE METAL SIGN,PLEASE ONE PERSON METAL SIGN
21175,21166,7.6,205.875,0.037,5,GIN + TONIC DIET METAL SIGN,COOK WITH WINE METAL SIGN
21175,85152,100.6,209.75,0.48,5,GIN + TONIC DIET METAL SIGN,HAND OVER THE CHOCOLATE   SIGN
21175,21181,0.0,276.875,0.0,5,GIN + TONIC DIET METAL SIGN,PLEASE ONE PERSON METAL SIGN
21181,21166,40.786,333.75,0.122,14,PLEASE ONE PERSON METAL SIGN,COOK WITH WINE METAL SIGN
21181,21175,74.071,245.125,0.302,14,PLEASE ONE PERSON METAL SIGN,GIN + TONIC DIET METAL SIGN
21181,85152,120.429,246.625,0.488,14,PLEASE ONE PERSON METAL SIGN,HAND OVER THE CHOCOLATE   SIGN
21181,21166,153.0,149.375,1.024,6,PLEASE ONE PERSON METAL SIGN,COOK WITH WINE METAL SIGN
21181,21175,102.5,171.875,0.596,6,PLEASE ONE PERSON METAL SIGN,GIN + TONIC DIET METAL SIGN
21181,85152,163.333,147.125,1.11,6,PLEASE ONE PERSON METAL SIGN,HAND OVER THE CHOCOLATE   SIGN
21181,21166,0.0,227.0,0.0,3,PLEASE ONE PERSON METAL SIGN,COOK WITH WINE METAL SIGN
21181,21175,100.667,212.375,0.474,3,PLEASE ONE PERSON METAL SIGN,GIN + TONIC DIET METAL SIGN
21181,85152,0.333,159.625,0.002,3,PLEASE ONE PERSON METAL SIGN,HAND OVER THE CHOCOLATE   SIGN
21210,21212,954.2,636.375,1.499,5,SET OF 72 RETROSPOT PAPER  DOILIES,PACK OF 72 RETROSPOT CAKE CASES
21929,21928,77.4,269.0,0.288,5,JUMBO BAG PINK VINTAGE PAISLEY,JUMBO BAG SCANDINAVIAN PAISLEY
21929,85099F,364.0,452.25,0.805,5,JUMBO BAG PINK VINTAGE PAISLEY,JUMBO BAG STRAWBERRY
21929,22411,247.8,273.75,0.905,5,JUMBO BAG PINK VINTAGE PAISLEY,JUMBO SHOPPER VINTAGE RED PAISLEY
22086,22910,4.667,7.375,0.633,3,PAPER CHAIN KIT 50'S CHRISTMAS,PAPER CHAIN KIT VINTAGE CHRISTMAS
22086,22910,2.667,4.75,0.561,3,PAPER CHAIN KIT 50'S CHRISTMAS,PAPER CHAIN KIT VINTAGE CHRISTMAS
22114,22112,26.091,58.25,0.448,22,HOT WATER BOTTLE TEA AND SYMPATHY,CHOCOLATE HOT WATER BOTTLE
22138,22617,47.333,70.875,0.668,3,BAKING SET 9 PIECE RETROSPOT,BAKING SET SPACEBOY DESIGN
22138,22139,199.333,119.875,1.663,3,BAKING SET 9 PIECE RETROSPOT,RETROSPOT TEA SET CERAMIC 11 PC
22139,22138,126.0,79.5,1.585,3,RETROSPOT TEA SET CERAMIC 11 PC,BAKING SET 9 PIECE RETROSPOT
22189,85123A,984.125,1053.25,0.934,8,CREAM HEART CARD HOLDER,WHITE HANGING HEART T-LIGHT HOLDER
22326,22328,130.0,129.875,1.001,3,ROUND SNACK BOXES SET OF4 WOODLAND,ROUND SNACK BOXES SET OF 4 FRUITS
22457,85123A,1091.6,877.0,1.245,5,NATURAL SLATE HEART CHALKBOARD,WHITE HANGING HEART T-LIGHT HOLDER
22469,22470,0.0,204.125,0.0,3,HEART OF WICKER SMALL,HEART OF WICKER LARGE
22469,85123A,803.667,836.375,0.961,3,HEART OF WICKER SMALL,WHITE HANGING HEART T-LIGHT HOLDER
22470,22469,22.0,206.375,0.107,4,HEART OF WICKER LARGE,HEART OF WICKER SMALL
22470,85123A,446.25,751.875,0.594,4,HEART OF WICKER LARGE,WHITE HANGING HEART T-LIGHT HOLDER
22470,22469,7.5,356.875,0.021,4,HEART OF WICKER LARGE,HEART OF WICKER SMALL
22470,85123A,1208.25,579.25,2.086,4,HEART OF WICKER LARGE,WHITE HANGING HEART T-LIGHT HOLDER
22698,22697,57.833,171.125,0.338,6,PINK REGENCY TEACUP AND SAUCER,GREEN REGENCY TEACUP AND SAUCER
22698,22699,82.833,183.875,0.45,6,PINK REGENCY TEACUP AND SAUCER,ROSES REGENCY TEACUP AND SAUCER
22698,22423,201.0,453.25,0.443,6,PINK REGENCY TEACUP AND SAUCER,REGENCY CAKESTAND 3 TIER
22726,22727,64.25,79.875,0.804,4,ALARM CLOCK BAKELIKE GREEN,ALARM CLOCK BAKELIKE RED
22726,22728,50.75,43.75,1.16,4,ALARM CLOCK BAKELIKE GREEN,ALARM CLOCK BAKELIKE PINK
22865,22866,0.0,0.625,0.0,5,HAND WARMER OWL DESIGN,HAND WARMER SCOTTY DOG DESIGN
22865,22867,1.2,1.125,1.067,5,HAND WARMER OWL DESIGN,HAND WARMER BIRD DESIGN
22865,22866,0.0,0.5,0.0,3,HAND WARMER OWL DESIGN,HAND WARMER SCOTTY DOG DESIGN
22865,22867,0.0,0.5,0.0,3,HAND WARMER OWL DESIGN,HAND WARMER BIRD DESIGN
22865,22866,0.0,90.0,0.0,6,HAND WARMER OWL DESIGN,HAND WARMER SCOTTY DOG DESIGN
22865,22867,0.0,85.125,0.0,6,HAND WARMER OWL DESIGN,HAND WARMER BIRD DESIGN
22866,22865,8.0,476.75,0.017,3,HAND WARMER SCOTTY DOG DESIGN,HAND WARMER OWL DESIGN
22866,22867,11.667,485.625,0.024,3,HAND WARMER SCOTTY DOG DESIGN,HAND WARMER BIRD DESIGN
22866,22865,0.5,10.75,0.047,6,HAND WARMER SCOTTY DOG DESIGN,HAND WARMER OWL DESIGN
22866,22867,1.333,0.875,1.524,6,HAND WARMER SCOTTY DOG DESIGN,HAND WARMER BIRD DESIGN
22866,22865,0.25,3.375,0.074,4,HAND WARMER SCOTTY DOG DESIGN,HAND WARMER OWL DESIGN
22866,22867,0.0,0.625,0.0,4,HAND WARMER SCOTTY DOG DESIGN,HAND WARMER BIRD DESIGN
22866,22865,1.077,197.625,0.005,13,HAND WARMER SCOTTY DOG DESIGN,HAND WARMER OWL DESIGN
22866,22867,0.0,85.125,0.0,13,HAND WARMER SCOTTY DOG DESIGN,HAND WARMER BIRD DESIGN
22867,22865,20.333,192.625,0.106,3,HAND WARMER BIRD DESIGN,HAND WARMER OWL DESIGN
22867,22866,0.333,193.25,0.002,3,HAND WARMER BIRD DESIGN,HAND WARMER SCOTTY DOG DESIGN
22867,22865,0.0,9.875,0.0,3,HAND WARMER BIRD DESIGN,HAND WARMER OWL DESIGN
22867,22866,0.0,0.5,0.0,3,HAND WARMER BIRD DESIGN,HAND WARMER SCOTTY DOG DESIGN
22867,22865,0.947,199.625,0.005,19,HAND WARMER BIRD DESIGN,HAND WARMER OWL DESIGN
22867,22866,0.211,90.125,0.002,19,HAND WARMER BIRD DESIGN,HAND WARMER SCOTTY DOG DESIGN
22909,22952,8.0,0.5,16.0,3,SET OF 20 VINTAGE CHRISTMAS NAPKINS,60 CAKE CASES VINTAGE CHRISTMAS
22909,22952,0.4,0.75,0.533,5,SET OF 20 VINTAGE CHRISTMAS NAPKINS,60 CAKE CASES VINTAGE CHRISTMAS
22910,22086,1.333,12.0,0.111,3,PAPER CHAIN KIT VINTAGE CHRISTMAS,PAPER CHAIN KIT 50'S CHRISTMAS
22910,22086,11.5,7.375,1.559,4,PAPER CHAIN KIT VINTAGE CHRISTMAS,PAPER CHAIN KIT 50'S CHRISTMAS
22910,22086,0.333,8.875,0.038,3,PAPER CHAIN KIT VINTAGE CHRISTMAS,PAPER CHAIN KIT 50'S CHRISTMAS
22952,22909,3.75,13.5,0.278,4,60 CAKE CASES VINTAGE CHRISTMAS,SET OF 20 VINTAGE CHRISTMAS NAPKINS
82482,82494L,105.778,184.875,0.572,9,WOODEN PICTURE FRAME WHITE FINISH,WOODEN FRAME ANTIQUE WHITE
82482,85123A,909.0,1132.375,0.803,9,WOODEN PICTURE FRAME WHITE FINISH,WHITE HANGING HEART T-LIGHT HOLDER
82483,82486,60.0,50.625,1.185,4,WOOD 2 DRAWER CABINET WHITE FINISH,WOOD S/3 CABINET ANT WHITE FINISH
82483,82486,36.6,31.5,1.162,5,WOOD 2 DRAWER CABINET WHITE FINISH,WOOD S/3 CABINET ANT WHITE FINISH
82494L,82482,257.333,127.25,2.022,3,WOODEN FRAME ANTIQUE WHITE,WOODEN PICTURE FRAME WHITE FINISH
82494L,85123A,904.0,757.625,1.193,3,WOODEN FRAME ANTIQUE WHITE,WHITE HANGING HEART T-LIGHT HOLDER
84997D,84997C,57.8,96.0,0.602,5,PINK 3 PIECE MINI DOTS CUTLERY SET,BLUE 3 PIECE MINI DOTS CUTLERY SET
84997D,84997B,100.6,96.875,1.038,5,PINK 3 PIECE MINI DOTS CUTLERY SET,RED 3 PIECE MINI DOTS CUTLERY SET
