sku_a,product_a,sku_b,product_b,support,confidence,lift,strength,co_stock_rule,class_a
21086,SET/6 RED SPOTTY PAPER CUPS,21094,SET/6 RED SPOTTY PAPER PLATES,0.0194,0.7741,26.3572,very strong,1,AY
21094,SET/6 RED SPOTTY PAPER PLATES,21086,SET/6 RED SPOTTY PAPER CUPS,0.0194,0.6616,26.3572,very strong,1,AY
22697,GREEN REGENCY TEACUP AND SAUCER,22698,PINK REGENCY TEACUP AND SAUCER,0.0258,0.6391,20.8283,very strong,1,AY
22698,PINK REGENCY TEACUP AND SAUCER,22697,GREEN REGENCY TEACUP AND SAUCER,0.0258,0.8405,20.8283,very strong,1,AY
84997D,PINK 3 PIECE MINI DOTS CUTLERY SET,84997C,BLUE 3 PIECE MINI DOTS CUTLERY SET,0.0213,0.6129,20.112,very strong,1,AY
84997C,BLUE 3 PIECE MINI DOTS CUTLERY SET,84997D,PINK 3 PIECE MINI DOTS CUTLERY SET,0.0213,0.6993,20.112,very strong,1,AY
84997C,BLUE 3 PIECE MINI DOTS CUTLERY SET,84997B,RED 3 PIECE MINI DOTS CUTLERY SET,0.0191,0.6259,19.0284,very strong,1,AY
84997B,RED 3 PIECE MINI DOTS CUTLERY SET,84997C,BLUE 3 PIECE MINI DOTS CUTLERY SET,0.0191,0.5799,19.0284,very strong,1,AY
22699,ROSES REGENCY TEACUP AND SAUCER,22698,PINK REGENCY TEACUP AND SAUCER,0.0242,0.5718,18.6374,very strong,1,AY
22698,PINK REGENCY TEACUP AND SAUCER,22699,ROSES REGENCY TEACUP AND SAUCER,0.0242,0.7899,18.6374,very strong,1,AY
82580,BATHROOM METAL SIGN,82581,TOILET METAL SIGN,0.0198,0.4955,18.204,very strong,1,AY
82581,TOILET METAL SIGN,82580,BATHROOM METAL SIGN,0.0198,0.7259,18.204,very strong,1,AY
22699,ROSES REGENCY TEACUP AND SAUCER,22697,GREEN REGENCY TEACUP AND SAUCER,0.0309,0.7282,18.0453,very strong,1,AY
22697,GREEN REGENCY TEACUP AND SAUCER,22699,ROSES REGENCY TEACUP AND SAUCER,0.0309,0.7648,18.0453,very strong,1,AY
22865,HAND WARMER OWL DESIGN,22866,HAND WARMER SCOTTY DOG DESIGN,0.0194,0.5359,16.6106,very strong,1,AZ
22866,HAND WARMER SCOTTY DOG DESIGN,22865,HAND WARMER OWL DESIGN,0.0194,0.6004,16.6106,very strong,1,AZ
22865,HAND WARMER OWL DESIGN,22867,HAND WARMER BIRD DESIGN,0.0186,0.5145,16.3847,very strong,1,AZ
22867,HAND WARMER BIRD DESIGN,22865,HAND WARMER OWL DESIGN,0.0186,0.5922,16.3847,very strong,1,AZ
22866,HAND WARMER SCOTTY DOG DESIGN,22867,HAND WARMER BIRD DESIGN,0.0166,0.5134,16.3516,very strong,1,AZ
22867,HAND WARMER BIRD DESIGN,22866,HAND WARMER SCOTTY DOG DESIGN,0.0166,0.5276,16.3516,very strong,1,AZ
22726,ALARM CLOCK BAKELIKE GREEN,22727,ALARM CLOCK BAKELIKE RED,0.025,0.6603,16.2445,very strong,1,AY
22727,ALARM CLOCK BAKELIKE RED,22726,ALARM CLOCK BAKELIKE GREEN,0.025,0.6138,16.2445,very strong,1,AZ
23203,JUMBO BAG VINTAGE DOILY,23202,JUMBO BAG VINTAGE LEAF,0.0154,0.4195,15.9906,very strong,1,AZ
23202,JUMBO BAG VINTAGE LEAF,23203,JUMBO BAG VINTAGE DOILY,0.0154,0.587,15.9906,very strong,1,AZ
84997D,PINK 3 PIECE MINI DOTS CUTLERY SET,84997B,RED 3 PIECE MINI DOTS CUTLERY SET,0.018,0.5185,15.763,very strong,1,AY
84997B,RED 3 PIECE MINI DOTS CUTLERY SET,84997D,PINK 3 PIECE MINI DOTS CUTLERY SET,0.018,0.5481,15.763,very strong,1,AY
22629,SPACEBOY LUNCH BOX,22630,DOLLY GIRL LUNCH BOX,0.0247,0.6064,15.2428,very strong,1,AY
22630,DOLLY GIRL LUNCH BOX,22629,SPACEBOY LUNCH BOX,0.0247,0.6219,15.2428,very strong,1,AY
22728,ALARM CLOCK BAKELIKE PINK,22727,ALARM CLOCK BAKELIKE RED,0.0177,0.6136,15.0954,very strong,1,AZ
22727,ALARM CLOCK BAKELIKE RED,22728,ALARM CLOCK BAKELIKE PINK,0.0177,0.4361,15.0954,very strong,1,AZ
22726,ALARM CLOCK BAKELIKE GREEN,22728,ALARM CLOCK BAKELIKE PINK,0.0159,0.421,14.5723,very strong,1,AY
22728,ALARM CLOCK BAKELIKE PINK,22726,ALARM CLOCK BAKELIKE GREEN,0.0159,0.5506,14.5723,very strong,1,AZ
82483,WOOD 2 DRAWER CABINET WHITE FINISH,82486,WOOD S/3 CABINET ANT WHITE FINISH,0.0184,0.5509,14.5565,very strong,1,AX
82486,WOOD S/3 CABINET ANT WHITE FINISH,82483,WOOD 2 DRAWER CABINET WHITE FINISH,0.0184,0.4866,14.5565,very strong,1,AX
22952,60 CAKE CASES VINTAGE CHRISTMAS,22909,SET OF 20 VINTAGE CHRISTMAS NAPKINS,0.0158,0.4644,14.3289,very strong,1,AZ
22909,SET OF 20 VINTAGE CHRISTMAS NAPKINS,22952,60 CAKE CASES VINTAGE CHRISTMAS,0.0158,0.4871,14.3289,very strong,1,AZ
20972,PINK CREAM FELT CRAFT TRINKET BOX,20971,PINK BLUE FELT CRAFT TRINKET BOX,0.0195,0.4684,13.7314,very strong,1,AY
20971,PINK BLUE FELT CRAFT TRINKET BOX,20972,PINK CREAM FELT CRAFT TRINKET BOX,0.0195,0.5713,13.7314,very strong,1,AZ
84970L,SINGLE HEART ZINC T-LIGHT HOLDER,84970S,HANGING HEART ZINC T-LIGHT HOLDER,0.0203,0.5963,13.1446,very strong,1,AX
84970S,HANGING HEART ZINC T-LIGHT HOLDER,84970L,SINGLE HEART ZINC T-LIGHT HOLDER,0.0203,0.448,13.1446,very strong,1,AX
84378,SET OF 3 HEART COOKIE CUTTERS,84380,SET OF 3 BUTTERFLY COOKIE CUTTERS,0.0158,0.4238,12.7565,very strong,1,AY
84380,SET OF 3 BUTTERFLY COOKIE CUTTERS,84378,SET OF 3 HEART COOKIE CUTTERS,0.0158,0.4744,12.7565,very strong,1,AY
22554,PLASTERS IN TIN WOODLAND ANIMALS,22551,PLASTERS IN TIN SPACEBOY,0.0185,0.4871,12.5627,very strong,1,AY
22551,PLASTERS IN TIN SPACEBOY,22554,PLASTERS IN TIN WOODLAND ANIMALS,0.0185,0.4781,12.5627,very strong,1,AY
23203,JUMBO BAG VINTAGE DOILY,23209,LUNCH BAG VINTAGE DOILY,0.015,0.4098,12.5263,very strong,1,AZ
23209,LUNCH BAG VINTAGE DOILY,23203,JUMBO BAG VINTAGE DOILY,0.015,0.4599,12.5263,very strong,1,AZ
22381,TOY TIDY PINK POLKADOT,22379,RECYCLING BAG RETROSPOT,0.0187,0.5714,12.2181,very strong,1,AY
22379,RECYCLING BAG RETROSPOT,22381,TOY TIDY PINK POLKADOT,0.0187,0.4008,12.2181,very strong,1,AY
22551,PLASTERS IN TIN SPACEBOY,22556,PLASTERS IN TIN CIRCUS PARADE,0.0169,0.4349,12.1848,very strong,1,AY
22556,PLASTERS IN TIN CIRCUS PARADE,22551,PLASTERS IN TIN SPACEBOY,0.0169,0.4724,12.1848,very strong,1,AY
22112,CHOCOLATE HOT WATER BOTTLE,22835,HOT WATER BOTTLE I AM SO POORLY,0.0183,0.3573,11.8517,very strong,1,AY
22835,HOT WATER BOTTLE I AM SO POORLY,22112,CHOCOLATE HOT WATER BOTTLE,0.0183,0.6059,11.8517,very strong,1,AZ
22328,ROUND SNACK BOXES SET OF 4 FRUITS,22326,ROUND SNACK BOXES SET OF4 WOODLAND,0.0169,0.4913,11.8429,very strong,1,AY
22326,ROUND SNACK BOXES SET OF4 WOODLAND,22328,ROUND SNACK BOXES SET OF 4 FRUITS,0.0169,0.4072,11.8429,very strong,1,AY
22556,PLASTERS IN TIN CIRCUS PARADE,22554,PLASTERS IN TIN WOODLAND ANIMALS,0.0159,0.4465,11.733,very strong,1,AY
22554,PLASTERS IN TIN WOODLAND ANIMALS,22556,PLASTERS IN TIN CIRCUS PARADE,0.0159,0.4188,11.733,very strong,1,AY
22356,CHARLOTTE BAG PINK POLKADOT,20723,STRAWBERRY CHARLOTTE BAG,0.0219,0.4634,11.2586,very strong,1,AX
20723,STRAWBERRY CHARLOTTE BAG,22356,CHARLOTTE BAG PINK POLKADOT,0.0219,0.5323,11.2586,very strong,1,AX
20724,RED RETROSPOT CHARLOTTE BAG,22356,CHARLOTTE BAG PINK POLKADOT,0.0321,0.5292,11.1945,very strong,1,AX
22356,CHARLOTTE BAG PINK POLKADOT,20724,RED RETROSPOT CHARLOTTE BAG,0.0321,0.6799,11.1945,very strong,1,AX
21080,SET/20 RED RETROSPOT PAPER NAPKINS,21094,SET/6 RED SPOTTY PAPER PLATES,0.0204,0.3233,11.0071,very strong,1,AX
21094,SET/6 RED SPOTTY PAPER PLATES,21080,SET/20 RED RETROSPOT PAPER NAPKINS,0.0204,0.6961,11.0071,very strong,1,AY
20719,WOODLAND CHARLOTTE BAG,20723,STRAWBERRY CHARLOTTE BAG,0.0207,0.4408,10.7109,very strong,1,AX
20723,STRAWBERRY CHARLOTTE BAG,20719,WOODLAND CHARLOTTE BAG,0.0207,0.5025,10.7109,very strong,1,AX
20723,STRAWBERRY CHARLOTTE BAG,20724,RED RETROSPOT CHARLOTTE BAG,0.0267,0.6497,10.6977,very strong,1,AX
20724,RED RETROSPOT CHARLOTTE BAG,20723,STRAWBERRY CHARLOTTE BAG,0.0267,0.4403,10.6977,very strong,1,AX
22138,BAKING SET 9 PIECE RETROSPOT,22617,BAKING SET SPACEBOY DESIGN,0.017,0.3001,10.6855,very strong,1,AY
22617,BAKING SET SPACEBOY DESIGN,22138,BAKING SET 9 PIECE RETROSPOT,0.017,0.6047,10.6855,very strong,1,AY
21080,SET/20 RED RETROSPOT PAPER NAPKINS,21086,SET/6 RED SPOTTY PAPER CUPS,0.0166,0.2629,10.4722,very strong,1,AX
21086,SET/6 RED SPOTTY PAPER CUPS,21080,SET/20 RED RETROSPOT PAPER NAPKINS,0.0166,0.6623,10.4722,very strong,1,AY
21791,VINTAGE HEADS AND TAILS CARD GAME,21790,VINTAGE SNAP CARDS,0.0229,0.5838,10.3775,very strong,1,AY
21790,VINTAGE SNAP CARDS,21791,VINTAGE HEADS AND TAILS CARD GAME,0.0229,0.4064,10.3775,very strong,1,AY
20723,STRAWBERRY CHARLOTTE BAG,22355,CHARLOTTE BAG SUKI DESIGN,0.0221,0.5373,10.3768,very strong,1,AX
22355,CHARLOTTE BAG SUKI DESIGN,20723,STRAWBERRY CHARLOTTE BAG,0.0221,0.4271,10.3768,very strong,1,AX
21231,SWEETHEART CERAMIC TRINKET BOX,21232,STRAWBERRY CERAMIC TRINKET BOX,0.0331,0.7493,10.3488,very strong,1,AY
21232,STRAWBERRY CERAMIC TRINKET BOX,21231,SWEETHEART CERAMIC TRINKET BOX,0.0331,0.4571,10.3488,very strong,1,AX
22355,CHARLOTTE BAG SUKI DESIGN,20719,WOODLAND CHARLOTTE BAG,0.025,0.483,10.2944,very strong,1,AX
20719,WOODLAND CHARLOTTE BAG,22355,CHARLOTTE BAG SUKI DESIGN,0.025,0.5331,10.2944,very strong,1,AX
20719,WOODLAND CHARLOTTE BAG,22356,CHARLOTTE BAG PINK POLKADOT,0.0228,0.486,10.2801,very strong,1,AX
22356,CHARLOTTE BAG PINK POLKADOT,20719,WOODLAND CHARLOTTE BAG,0.0228,0.4823,10.2801,very strong,1,AX
21928,JUMBO BAG SCANDINAVIAN PAISLEY,21929,JUMBO BAG PINK VINTAGE PAISLEY,0.0226,0.4922,10.2302,very strong,1,AX
21929,JUMBO BAG PINK VINTAGE PAISLEY,21928,JUMBO BAG SCANDINAVIAN PAISLEY,0.0226,0.4696,10.2302,very strong,1,AY
22355,CHARLOTTE BAG SUKI DESIGN,22356,CHARLOTTE BAG PINK POLKADOT,0.0249,0.4801,10.1555,very strong,1,AX
22356,CHARLOTTE BAG PINK POLKADOT,22355,CHARLOTTE BAG SUKI DESIGN,0.0249,0.5259,10.1555,very strong,1,AX
22086,PAPER CHAIN KIT 50'S CHRISTMAS,22910,PAPER CHAIN KIT VINTAGE CHRISTMAS,0.025,0.4195,9.9121,strong,1,AZ
22910,PAPER CHAIN KIT VINTAGE CHRISTMAS,22086,PAPER CHAIN KIT 50'S CHRISTMAS,0.025,0.5917,9.9121,strong,1,AZ
20724,RED RETROSPOT CHARLOTTE BAG,20719,WOODLAND CHARLOTTE BAG,0.0276,0.455,9.6985,strong,1,AX
20719,WOODLAND CHARLOTTE BAG,20724,RED RETROSPOT CHARLOTTE BAG,0.0276,0.5891,9.6985,strong,1,AX
22112,CHOCOLATE HOT WATER BOTTLE,22114,HOT WATER BOTTLE TEA AND SYMPATHY,0.0232,0.453,9.6185,strong,1,AY
22114,HOT WATER BOTTLE TEA AND SYMPATHY,22112,CHOCOLATE HOT WATER BOTTLE,0.0232,0.4918,9.6185,strong,1,AY
21175,GIN + TONIC DIET METAL SIGN,21166,COOK WITH WINE METAL SIGN,0.0196,0.3973,9.3753,strong,1,AY
21166,COOK WITH WINE METAL SIGN,21175,GIN + TONIC DIET METAL SIGN,0.0196,0.4634,9.3753,strong,1,AY
21975,PACK OF 60 DINOSAUR CAKE CASES,84992,72 SWEETHEART FAIRY CAKE CASES,0.0157,0.404,9.2775,strong,1,AY
84992,72 SWEETHEART FAIRY CAKE CASES,21975,PACK OF 60 DINOSAUR CAKE CASES,0.0157,0.3605,9.2775,strong,1,AY
20713,JUMBO BAG OWLS,20712,JUMBO BAG WOODLAND ANIMALS,0.0152,0.3903,9.2754,strong,1,AY
20712,JUMBO BAG WOODLAND ANIMALS,20713,JUMBO BAG OWLS,0.0152,0.361,9.2754,strong,1,AY
20724,RED RETROSPOT CHARLOTTE BAG,22355,CHARLOTTE BAG SUKI DESIGN,0.0287,0.4717,9.11,strong,1,AX
22355,CHARLOTTE BAG SUKI DESIGN,20724,RED RETROSPOT CHARLOTTE BAG,0.0287,0.5533,9.11,strong,1,AX
82494L,WOODEN FRAME ANTIQUE WHITE,82482,WOODEN PICTURE FRAME WHITE FINISH,0.0332,0.5421,9.0859,strong,1,AX
82482,WOODEN PICTURE FRAME WHITE FINISH,82494L,WOODEN FRAME ANTIQUE WHITE,0.0332,0.5573,9.0859,strong,1,AX
85152,HAND OVER THE CHOCOLATE   SIGN,21166,COOK WITH WINE METAL SIGN,0.0164,0.3773,8.9029,strong,1,AY
21166,COOK WITH WINE METAL SIGN,85152,HAND OVER THE CHOCOLATE   SIGN,0.0164,0.3866,8.9029,strong,1,AY
21213,PACK OF 72 SKULL CAKE CASES,21975,PACK OF 60 DINOSAUR CAKE CASES,0.015,0.3406,8.7637,strong,1,AY
21975,PACK OF 60 DINOSAUR CAKE CASES,21213,PACK OF 72 SKULL CAKE CASES,0.015,0.3863,8.7637,strong,1,AY
22382,LUNCH BAG SPACEBOY DESIGN,22662,LUNCH BAG DOLLY GIRL DESIGN,0.0164,0.2555,8.6194,strong,1,AX
22662,LUNCH BAG DOLLY GIRL DESIGN,22382,LUNCH BAG SPACEBOY DESIGN,0.0164,0.5539,8.6194,strong,1,AY
22111,SCOTTIE DOG HOT WATER BOTTLE,21485,RETROSPOT HEART HOT WATER BOTTLE,0.0175,0.3494,8.4641,strong,1,AY
21485,RETROSPOT HEART HOT WATER BOTTLE,22111,SCOTTIE DOG HOT WATER BOTTLE,0.0175,0.4252,8.4641,strong,1,AY
21754,HOME BUILDING BLOCK WORD,21755,LOVE BUILDING BLOCK WORD,0.0258,0.4202,8.3205,strong,1,AX
21755,LOVE BUILDING BLOCK WORD,21754,HOME BUILDING BLOCK WORD,0.0258,0.5118,8.3205,strong,1,AX
84991,60 TEATIME FAIRY CAKE CASES,21975,PACK OF 60 DINOSAUR CAKE CASES,0.0201,0.3166,8.1461,strong,1,AX
21975,PACK OF 60 DINOSAUR CAKE CASES,84991,60 TEATIME FAIRY CAKE CASES,0.0201,0.5169,8.1461,strong,1,AY
85152,HAND OVER THE CHOCOLATE   SIGN,21175,GIN + TONIC DIET METAL SIGN,0.0174,0.4,8.093,strong,1,AY
21175,GIN + TONIC DIET METAL SIGN,85152,HAND OVER THE CHOCOLATE   SIGN,0.0174,0.3514,8.093,strong,1,AY
22469,HEART OF WICKER SMALL,22470,HEART OF WICKER LARGE,0.0299,0.4675,8.0456,strong,1,AY
22470,HEART OF WICKER LARGE,22469,HEART OF WICKER SMALL,0.0299,0.5141,8.0456,strong,1,AY
84992,72 SWEETHEART FAIRY CAKE CASES,84991,60 TEATIME FAIRY CAKE CASES,0.0218,0.5017,7.9068,strong,1,AY
84991,60 TEATIME FAIRY CAKE CASES,84992,72 SWEETHEART FAIRY CAKE CASES,0.0218,0.3443,7.9068,strong,1,AX
21166,COOK WITH WINE METAL SIGN,21181,PLEASE ONE PERSON METAL SIGN,0.0174,0.4113,7.6723,strong,1,AY
21181,PLEASE ONE PERSON METAL SIGN,21166,COOK WITH WINE METAL SIGN,0.0174,0.3252,7.6723,strong,1,AY
21977,PACK OF 60 PINK PAISLEY CAKE CASES,21975,PACK OF 60 DINOSAUR CAKE CASES,0.0175,0.2947,7.5831,strong,1,AX
21975,PACK OF 60 DINOSAUR CAKE CASES,21977,PACK OF 60 PINK PAISLEY CAKE CASES,0.0175,0.4508,7.5831,strong,1,AY
21930,JUMBO STORAGE BAG SKULLS,21931,JUMBO STORAGE BAG SUKI,0.0205,0.5224,7.5249,strong,1,AX
21931,JUMBO STORAGE BAG SUKI,21930,JUMBO STORAGE BAG SKULLS,0.0205,0.2958,7.5249,strong,1,AX
22386,JUMBO BAG PINK POLKADOT,22385,JUMBO BAG SPACEBOY DESIGN,0.0186,0.278,7.4755,strong,1,AX
22385,JUMBO BAG SPACEBOY DESIGN,22386,JUMBO BAG PINK POLKADOT,0.0186,0.5,7.4755,strong,1,AY
84991,60 TEATIME FAIRY CAKE CASES,22417,PACK OF 60 SPACEBOY CAKE CASES,0.0155,0.2446,7.4365,strong,1,AX
22417,PACK OF 60 SPACEBOY CAKE CASES,84991,60 TEATIME FAIRY CAKE CASES,0.0155,0.4719,7.4365,strong,1,AY
84992,72 SWEETHEART FAIRY CAKE CASES,21977,PACK OF 60 PINK PAISLEY CAKE CASES,0.019,0.4366,7.3435,strong,1,AY
21977,PACK OF 60 PINK PAISLEY CAKE CASES,84992,72 SWEETHEART FAIRY CAKE CASES,0.019,0.3198,7.3435,strong,1,AX
20711,JUMBO BAG TOYS,21931,JUMBO STORAGE BAG SUKI,0.016,0.5095,7.3392,strong,1,AY
21931,JUMBO STORAGE BAG SUKI,20711,JUMBO BAG TOYS,0.016,0.2304,7.3392,strong,1,AX
21175,GIN + TONIC DIET METAL SIGN,21181,PLEASE ONE PERSON METAL SIGN,0.0194,0.3931,7.3337,strong,1,AY
21181,PLEASE ONE PERSON METAL SIGN,21175,GIN + TONIC DIET METAL SIGN,0.0194,0.3625,7.3337,strong,1,AY
21977,PACK OF 60 PINK PAISLEY CAKE CASES,84991,60 TEATIME FAIRY CAKE CASES,0.0276,0.4649,7.326,strong,1,AX
84991,60 TEATIME FAIRY CAKE CASES,21977,PACK OF 60 PINK PAISLEY CAKE CASES,0.0276,0.4356,7.326,strong,1,AX
22112,CHOCOLATE HOT WATER BOTTLE,22111,SCOTTIE DOG HOT WATER BOTTLE,0.0185,0.3619,7.2054,strong,1,AY
22111,SCOTTIE DOG HOT WATER BOTTLE,22112,CHOCOLATE HOT WATER BOTTLE,0.0185,0.3684,7.2054,strong,1,AY
22385,JUMBO BAG SPACEBOY DESIGN,21931,JUMBO STORAGE BAG SUKI,0.0186,0.5,7.2023,strong,1,AY
21931,JUMBO STORAGE BAG SUKI,22385,JUMBO BAG SPACEBOY DESIGN,0.0186,0.2678,7.2023,strong,1,AX
21931,JUMBO STORAGE BAG SUKI,20713,JUMBO BAG OWLS,0.0194,0.279,7.1691,strong,1,AX
20713,JUMBO BAG OWLS,21931,JUMBO STORAGE BAG SUKI,0.0194,0.4977,7.1691,strong,1,AY
22384,LUNCH BAG PINK POLKADOT,20728,LUNCH BAG CARS BLUE,0.0269,0.4284,6.9571,strong,1,AX
20728,LUNCH BAG CARS BLUE,22384,LUNCH BAG PINK POLKADOT,0.0269,0.4363,6.9571,strong,1,AY
20726,LUNCH BAG WOODLAND,20728,LUNCH BAG CARS BLUE,0.0245,0.4277,6.9459,strong,1,AY
20728,LUNCH BAG CARS BLUE,20726,LUNCH BAG WOODLAND,0.0245,0.3984,6.9459,strong,1,AY
20712,JUMBO BAG WOODLAND ANIMALS,21931,JUMBO STORAGE BAG SUKI,0.0202,0.4794,6.906,strong,1,AY
21931,JUMBO STORAGE BAG SUKI,20712,JUMBO BAG WOODLAND ANIMALS,0.0202,0.2906,6.906,strong,1,AX
22411,JUMBO SHOPPER VINTAGE RED PAISLEY,21928,JUMBO BAG SCANDINAVIAN PAISLEY,0.0207,0.3169,6.9035,strong,1,AX
21928,JUMBO BAG SCANDINAVIAN PAISLEY,22411,JUMBO SHOPPER VINTAGE RED PAISLEY,0.0207,0.4512,6.9035,strong,1,AX
21181,PLEASE ONE PERSON METAL SIGN,85152,HAND OVER THE CHOCOLATE   SIGN,0.0159,0.2973,6.8467,strong,1,AY
85152,HAND OVER THE CHOCOLATE   SIGN,21181,PLEASE ONE PERSON METAL SIGN,0.0159,0.367,6.8467,strong,1,AY
21929,JUMBO BAG PINK VINTAGE PAISLEY,85099F,JUMBO BAG STRAWBERRY,0.018,0.3734,6.7489,strong,1,AY
85099F,JUMBO BAG STRAWBERRY,21929,JUMBO BAG PINK VINTAGE PAISLEY,0.018,0.3247,6.7489,strong,1,AX
22382,LUNCH BAG SPACEBOY DESIGN,20726,LUNCH BAG WOODLAND,0.0248,0.3864,6.7365,strong,1,AX
20726,LUNCH BAG WOODLAND,22382,LUNCH BAG SPACEBOY DESIGN,0.0248,0.4329,6.7365,strong,1,AY
85099C,JUMBO  BAG BAROQUE BLACK WHITE,21928,JUMBO BAG SCANDINAVIAN PAISLEY,0.0171,0.3064,6.6743,strong,1,AX
21928,JUMBO BAG SCANDINAVIAN PAISLEY,85099C,JUMBO  BAG BAROQUE BLACK WHITE,0.0171,0.3719,6.6743,strong,1,AX
22386,JUMBO BAG PINK POLKADOT,21930,JUMBO STORAGE BAG SKULLS,0.0175,0.2619,6.6638,strong,1,AX
21930,JUMBO STORAGE BAG SKULLS,22386,JUMBO BAG PINK POLKADOT,0.0175,0.4457,6.6638,strong,1,AX
22382,LUNCH BAG SPACEBOY DESIGN,22383,LUNCH BAG SUKI  DESIGN,0.0306,0.4761,6.6546,strong,1,AX
22383,LUNCH BAG SUKI  DESIGN,22382,LUNCH BAG SPACEBOY DESIGN,0.0306,0.4276,6.6546,strong,1,AX
84991,60 TEATIME FAIRY CAKE CASES,21213,PACK OF 72 SKULL CAKE CASES,0.0184,0.2902,6.5834,strong,1,AX
21213,PACK OF 72 SKULL CAKE CASES,84991,60 TEATIME FAIRY CAKE CASES,0.0184,0.4177,6.5834,strong,1,AY
21928,JUMBO BAG SCANDINAVIAN PAISLEY,85099F,JUMBO BAG STRAWBERRY,0.0167,0.3635,6.5683,strong,1,AX
85099F,JUMBO BAG STRAWBERRY,21928,JUMBO BAG SCANDINAVIAN PAISLEY,0.0167,0.3015,6.5683,strong,1,AX
21212,PACK OF 72 RETROSPOT CAKE CASES,21976,PACK OF 60 MUSHROOM CAKE CASES,0.0173,0.1858,6.5534,strong,1,AX
21976,PACK OF 60 MUSHROOM CAKE CASES,21212,PACK OF 72 RETROSPOT CAKE CASES,0.0173,0.6095,6.5534,strong,1,AY
21929,JUMBO BAG PINK VINTAGE PAISLEY,22411,JUMBO SHOPPER VINTAGE RED PAISLEY,0.0204,0.4249,6.5012,strong,1,AY
22411,JUMBO SHOPPER VINTAGE RED PAISLEY,21929,JUMBO BAG PINK VINTAGE PAISLEY,0.0204,0.3128,6.5012,strong,1,AX
22384,LUNCH BAG PINK POLKADOT,20727,LUNCH BAG  BLACK SKULL.,0.0285,0.4541,6.4877,strong,1,AX
20727,LUNCH BAG  BLACK SKULL.,22384,LUNCH BAG PINK POLKADOT,0.0285,0.4068,6.4877,strong,1,AY
22383,LUNCH BAG SUKI  DESIGN,20728,LUNCH BAG CARS BLUE,0.0281,0.393,6.3825,strong,1,AX
20728,LUNCH BAG CARS BLUE,22383,LUNCH BAG SUKI  DESIGN,0.0281,0.4566,6.3825,strong,1,AY
22386,JUMBO BAG PINK POLKADOT,20712,JUMBO BAG WOODLAND ANIMALS,0.0177,0.2651,6.2985,strong,1,AX
20712,JUMBO BAG WOODLAND ANIMALS,22386,JUMBO BAG PINK POLKADOT,0.0177,0.4213,6.2985,strong,1,AY
21212,PACK OF 72 RETROSPOT CAKE CASES,21213,PACK OF 72 SKULL CAKE CASES,0.0257,0.2766,6.2754,strong,1,AX
21213,PACK OF 72 SKULL CAKE CASES,21212,PACK OF 72 RETROSPOT CAKE CASES,0.0257,0.5836,6.2754,strong,1,AY
22386,JUMBO BAG PINK POLKADOT,21928,JUMBO BAG SCANDINAVIAN PAISLEY,0.0192,0.2874,6.2603,strong,1,AX
21928,JUMBO BAG SCANDINAVIAN PAISLEY,22386,JUMBO BAG PINK POLKADOT,0.0192,0.4187,6.2603,strong,1,AX
22411,JUMBO SHOPPER VINTAGE RED PAISLEY,22385,JUMBO BAG SPACEBOY DESIGN,0.0152,0.2324,6.2498,strong,1,AX
22385,JUMBO BAG SPACEBOY DESIGN,22411,JUMBO SHOPPER VINTAGE RED PAISLEY,0.0152,0.4085,6.2498,strong,1,AY
22384,LUNCH BAG PINK POLKADOT,20726,LUNCH BAG WOODLAND,0.0225,0.3584,6.2478,strong,1,AX
20726,LUNCH BAG WOODLAND,22384,LUNCH BAG PINK POLKADOT,0.0225,0.3918,6.2478,strong,1,AY
22384,LUNCH BAG PINK POLKADOT,22382,LUNCH BAG SPACEBOY DESIGN,0.0251,0.4008,6.2367,strong,1,AX
22382,LUNCH BAG SPACEBOY DESIGN,22384,LUNCH BAG PINK POLKADOT,0.0251,0.3911,6.2367,strong,1,AX
85099F,JUMBO BAG STRAWBERRY,85099C,JUMBO  BAG BAROQUE BLACK WHITE,0.0192,0.3463,6.2143,strong,1,AX
85099C,JUMBO  BAG BAROQUE BLACK WHITE,85099F,JUMBO BAG STRAWBERRY,0.0192,0.3439,6.2143,strong,1,AX
21975,PACK OF 60 DINOSAUR CAKE CASES,21212,PACK OF 72 RETROSPOT CAKE CASES,0.0224,0.5776,6.2104,strong,1,AY
21212,PACK OF 72 RETROSPOT CAKE CASES,21975,PACK OF 60 DINOSAUR CAKE CASES,0.0224,0.2413,6.2104,strong,1,AX
22382,LUNCH BAG SPACEBOY DESIGN,20728,LUNCH BAG CARS BLUE,0.0245,0.3809,6.1856,strong,1,AX
20728,LUNCH BAG CARS BLUE,22382,LUNCH BAG SPACEBOY DESIGN,0.0245,0.3975,6.1856,strong,1,AY
20727,LUNCH BAG  BLACK SKULL.,20726,LUNCH BAG WOODLAND,0.0246,0.3518,6.1329,strong,1,AY
20726,LUNCH BAG WOODLAND,20727,LUNCH BAG  BLACK SKULL.,0.0246,0.4292,6.1329,strong,1,AY
22386,JUMBO BAG PINK POLKADOT,85099F,JUMBO BAG STRAWBERRY,0.0227,0.3391,6.1287,strong,1,AX
85099F,JUMBO BAG STRAWBERRY,22386,JUMBO BAG PINK POLKADOT,0.0227,0.4099,6.1287,strong,1,AX
20728,LUNCH BAG CARS BLUE,20727,LUNCH BAG  BLACK SKULL.,0.0264,0.4285,6.1224,strong,1,AY
20727,LUNCH BAG  BLACK SKULL.,20728,LUNCH BAG CARS BLUE,0.0264,0.377,6.1224,strong,1,AY
22384,LUNCH BAG PINK POLKADOT,22383,LUNCH BAG SUKI  DESIGN,0.0273,0.436,6.0941,strong,1,AX
22383,LUNCH BAG SUKI  DESIGN,22384,LUNCH BAG PINK POLKADOT,0.0273,0.3821,6.0941,strong,1,AX
84991,60 TEATIME FAIRY CAKE CASES,21212,PACK OF 72 RETROSPOT CAKE CASES,0.0357,0.563,6.054,strong,1,AX
21212,PACK OF 72 RETROSPOT CAKE CASES,84991,60 TEATIME FAIRY CAKE CASES,0.0357,0.3841,6.054,strong,1,AX
85099C,JUMBO  BAG BAROQUE BLACK WHITE,21931,JUMBO STORAGE BAG SUKI,0.0234,0.4199,6.0488,strong,1,AX
21931,JUMBO STORAGE BAG SUKI,85099C,JUMBO  BAG BAROQUE BLACK WHITE,0.0234,0.3371,6.0488,strong,1,AX
21212,PACK OF 72 RETROSPOT CAKE CASES,22417,PACK OF 60 SPACEBOY CAKE CASES,0.0185,0.1987,6.0398,strong,1,AX
22417,PACK OF 60 SPACEBOY CAKE CASES,21212,PACK OF 72 RETROSPOT CAKE CASES,0.0185,0.5617,6.0398,strong,1,AY
21213,PACK OF 72 SKULL CAKE CASES,21977,PACK OF 60 PINK PAISLEY CAKE CASES,0.0158,0.3588,6.0355,strong,1,AY
21977,PACK OF 60 PINK PAISLEY CAKE CASES,21213,PACK OF 72 SKULL CAKE CASES,0.0158,0.2661,6.0355,strong,1,AX
20725,LUNCH BAG RED RETROSPOT,22384,LUNCH BAG PINK POLKADOT,0.0345,0.3784,6.0343,strong,1,AX
22384,LUNCH BAG PINK POLKADOT,20725,LUNCH BAG RED RETROSPOT,0.0345,0.5502,6.0343,strong,1,AX
20727,LUNCH BAG  BLACK SKULL.,22383,LUNCH BAG SUKI  DESIGN,0.0302,0.4316,6.0322,strong,1,AY
22383,LUNCH BAG SUKI  DESIGN,20727,LUNCH BAG  BLACK SKULL.,0.0302,0.4222,6.0322,strong,1,AX
21212,PACK OF 72 RETROSPOT CAKE CASES,21977,PACK OF 60 PINK PAISLEY CAKE CASES,0.0332,0.3565,5.997,strong,1,AX
21977,PACK OF 60 PINK PAISLEY CAKE CASES,21212,PACK OF 72 RETROSPOT CAKE CASES,0.0332,0.5577,5.997,strong,1,AX
21931,JUMBO STORAGE BAG SUKI,21928,JUMBO BAG SCANDINAVIAN PAISLEY,0.0191,0.2752,5.9941,strong,1,AX
21928,JUMBO BAG SCANDINAVIAN PAISLEY,21931,JUMBO STORAGE BAG SUKI,0.0191,0.4161,5.9941,strong,1,AX
22382,LUNCH BAG SPACEBOY DESIGN,20727,LUNCH BAG  BLACK SKULL.,0.0269,0.4185,5.9793,strong,1,AX
20727,LUNCH BAG  BLACK SKULL.,22382,LUNCH BAG SPACEBOY DESIGN,0.0269,0.3842,5.9793,strong,1,AY
20726,LUNCH BAG WOODLAND,22383,LUNCH BAG SUKI  DESIGN,0.0245,0.4272,5.9708,strong,1,AY
22383,LUNCH BAG SUKI  DESIGN,20726,LUNCH BAG WOODLAND,0.0245,0.3425,5.9708,strong,1,AX
21212,PACK OF 72 RETROSPOT CAKE CASES,84992,72 SWEETHEART FAIRY CAKE CASES,0.0239,0.2574,5.9106,strong,1,AX
84992,72 SWEETHEART FAIRY CAKE CASES,21212,PACK OF 72 RETROSPOT CAKE CASES,0.0239,0.5497,5.9106,strong,1,AY
21931,JUMBO STORAGE BAG SUKI,22411,JUMBO SHOPPER VINTAGE RED PAISLEY,0.0268,0.3856,5.8999,strong,1,AX
22411,JUMBO SHOPPER VINTAGE RED PAISLEY,21931,JUMBO STORAGE BAG SUKI,0.0268,0.4096,5.8999,strong,1,AX
20725,LUNCH BAG RED RETROSPOT,20726,LUNCH BAG WOODLAND,0.0307,0.3372,5.8774,strong,1,AX
20726,LUNCH BAG WOODLAND,20725,LUNCH BAG RED RETROSPOT,0.0307,0.5359,5.8774,strong,1,AY
22411,JUMBO SHOPPER VINTAGE RED PAISLEY,85099C,JUMBO  BAG BAROQUE BLACK WHITE,0.0213,0.3265,5.8591,strong,1,AX
85099C,JUMBO  BAG BAROQUE BLACK WHITE,22411,JUMBO SHOPPER VINTAGE RED PAISLEY,0.0213,0.383,5.8591,strong,1,AX
85099F,JUMBO BAG STRAWBERRY,21931,JUMBO STORAGE BAG SUKI,0.0225,0.4067,5.8582,strong,1,AX
21931,JUMBO STORAGE BAG SUKI,85099F,JUMBO BAG STRAWBERRY,0.0225,0.3242,5.8582,strong,1,AX
21929,JUMBO BAG PINK VINTAGE PAISLEY,21931,JUMBO STORAGE BAG SUKI,0.0195,0.4063,5.853,strong,1,AY
21931,JUMBO STORAGE BAG SUKI,21929,JUMBO BAG PINK VINTAGE PAISLEY,0.0195,0.2816,5.853,strong,1,AX
20712,JUMBO BAG WOODLAND ANIMALS,22411,JUMBO SHOPPER VINTAGE RED PAISLEY,0.0161,0.3816,5.8375,strong,1,AY
22411,JUMBO SHOPPER VINTAGE RED PAISLEY,20712,JUMBO BAG WOODLAND ANIMALS,0.0161,0.2457,5.8375,strong,1,AX
22386,JUMBO BAG PINK POLKADOT,21929,JUMBO BAG PINK VINTAGE PAISLEY,0.0188,0.2807,5.8338,strong,1,AX
21929,JUMBO BAG PINK VINTAGE PAISLEY,22386,JUMBO BAG PINK POLKADOT,0.0188,0.3902,5.8338,strong,1,AY
21931,JUMBO STORAGE BAG SUKI,22386,JUMBO BAG PINK POLKADOT,0.0269,0.3869,5.785,strong,1,AX
22386,JUMBO BAG PINK POLKADOT,21931,JUMBO STORAGE BAG SUKI,0.0269,0.4016,5.785,strong,1,AX
85099C,JUMBO  BAG BAROQUE BLACK WHITE,21929,JUMBO BAG PINK VINTAGE PAISLEY,0.0155,0.2775,5.7667,strong,1,AX
21929,JUMBO BAG PINK VINTAGE PAISLEY,85099C,JUMBO  BAG BAROQUE BLACK WHITE,0.0155,0.3213,5.7667,strong,1,AY
22386,JUMBO BAG PINK POLKADOT,22411,JUMBO SHOPPER VINTAGE RED PAISLEY,0.0252,0.3762,5.7551,strong,1,AX
22411,JUMBO SHOPPER VINTAGE RED PAISLEY,22386,JUMBO BAG PINK POLKADOT,0.0252,0.3849,5.7551,strong,1,AX
85099C,JUMBO  BAG BAROQUE BLACK WHITE,22386,JUMBO BAG PINK POLKADOT,0.0214,0.3835,5.7337,strong,1,AX
22386,JUMBO BAG PINK POLKADOT,85099C,JUMBO  BAG BAROQUE BLACK WHITE,0.0214,0.3195,5.7337,strong,1,AX
21212,PACK OF 72 RETROSPOT CAKE CASES,21210,SET OF 72 RETROSPOT PAPER  DOILIES,0.0183,0.1964,5.6778,strong,1,AX
21210,SET OF 72 RETROSPOT PAPER  DOILIES,21212,PACK OF 72 RETROSPOT CAKE CASES,0.0183,0.528,5.6778,strong,1,AY
20725,LUNCH BAG RED RETROSPOT,20727,LUNCH BAG  BLACK SKULL.,0.0359,0.3935,5.6216,strong,1,AX
20727,LUNCH BAG  BLACK SKULL.,20725,LUNCH BAG RED RETROSPOT,0.0359,0.5126,5.6216,strong,1,AY
22662,LUNCH BAG DOLLY GIRL DESIGN,20725,LUNCH BAG RED RETROSPOT,0.0151,0.5096,5.5886,strong,1,AY
20725,LUNCH BAG RED RETROSPOT,22662,LUNCH BAG DOLLY GIRL DESIGN,0.0151,0.1656,5.5886,strong,1,AX
20728,LUNCH BAG CARS BLUE,20725,LUNCH BAG RED RETROSPOT,0.0312,0.507,5.5607,strong,1,AY
20725,LUNCH BAG RED RETROSPOT,20728,LUNCH BAG CARS BLUE,0.0312,0.3424,5.5607,strong,1,AX
85099F,JUMBO BAG STRAWBERRY,85099B,JUMBO BAG RED RETROSPOT,0.0355,0.6413,5.4002,strong,1,AX
85099B,JUMBO BAG RED RETROSPOT,85099F,JUMBO BAG STRAWBERRY,0.0355,0.2988,5.4002,strong,1,AX
20725,LUNCH BAG RED RETROSPOT,22383,LUNCH BAG SUKI  DESIGN,0.0351,0.3853,5.3853,strong,1,AX
22383,LUNCH BAG SUKI  DESIGN,20725,LUNCH BAG RED RETROSPOT,0.0351,0.491,5.3853,strong,1,AX
85099B,JUMBO BAG RED RETROSPOT,22386,JUMBO BAG PINK POLKADOT,0.0426,0.3589,5.3656,strong,1,AX
22386,JUMBO BAG PINK POLKADOT,85099B,JUMBO BAG RED RETROSPOT,0.0426,0.6372,5.3656,strong,1,AX
20725,LUNCH BAG RED RETROSPOT,22382,LUNCH BAG SPACEBOY DESIGN,0.03,0.329,5.1194,strong,1,AX
22382,LUNCH BAG SPACEBOY DESIGN,20725,LUNCH BAG RED RETROSPOT,0.03,0.4668,5.1194,strong,1,AX
20712,JUMBO BAG WOODLAND ANIMALS,85099B,JUMBO BAG RED RETROSPOT,0.0255,0.605,5.0941,strong,1,AY
85099B,JUMBO BAG RED RETROSPOT,20712,JUMBO BAG WOODLAND ANIMALS,0.0255,0.2144,5.0941,strong,1,AX
85099B,JUMBO BAG RED RETROSPOT,20713,JUMBO BAG OWLS,0.0234,0.1968,5.0561,strong,1,AX
20713,JUMBO BAG OWLS,85099B,JUMBO BAG RED RETROSPOT,0.0234,0.6005,5.0561,strong,1,AY
21928,JUMBO BAG SCANDINAVIAN PAISLEY,85099B,JUMBO BAG RED RETROSPOT,0.0275,0.5995,5.0479,strong,1,AX
85099B,JUMBO BAG RED RETROSPOT,21928,JUMBO BAG SCANDINAVIAN PAISLEY,0.0275,0.2317,5.0479,strong,1,AX
85099B,JUMBO BAG RED RETROSPOT,20711,JUMBO BAG TOYS,0.0188,0.1583,5.0427,strong,1,AX
20711,JUMBO BAG TOYS,85099B,JUMBO BAG RED RETROSPOT,0.0188,0.5989,5.0427,strong,1,AY
85099B,JUMBO BAG RED RETROSPOT,85099C,JUMBO  BAG BAROQUE BLACK WHITE,0.0332,0.2797,5.0198,strong,1,AX
85099C,JUMBO  BAG BAROQUE BLACK WHITE,85099B,JUMBO BAG RED RETROSPOT,0.0332,0.5961,5.0198,strong,1,AX
21931,JUMBO STORAGE BAG SUKI,22355,CHARLOTTE BAG SUKI DESIGN,0.018,0.2597,5.0146,strong,1,AX
22355,CHARLOTTE BAG SUKI DESIGN,21931,JUMBO STORAGE BAG SUKI,0.018,0.3481,5.0146,strong,1,AX
85099B,JUMBO BAG RED RETROSPOT,22385,JUMBO BAG SPACEBOY DESIGN,0.022,0.1855,4.9874,moderate,0,AX
22385,JUMBO BAG SPACEBOY DESIGN,85099B,JUMBO BAG RED RETROSPOT,0.022,0.5923,4.9874,moderate,0,AY
22383,LUNCH BAG SUKI  DESIGN,22355,CHARLOTTE BAG SUKI DESIGN,0.018,0.2516,4.858,moderate,0,AX
22355,CHARLOTTE BAG SUKI DESIGN,22383,LUNCH BAG SUKI  DESIGN,0.018,0.3476,4.858,moderate,0,AX
21931,JUMBO STORAGE BAG SUKI,85099B,JUMBO BAG RED RETROSPOT,0.0396,0.5709,4.8076,moderate,0,AX
85099B,JUMBO BAG RED RETROSPOT,21931,JUMBO STORAGE BAG SUKI,0.0396,0.3338,4.8076,moderate,0,AX
85099B,JUMBO BAG RED RETROSPOT,21929,JUMBO BAG PINK VINTAGE PAISLEY,0.0273,0.2302,4.7848,moderate,0,AX
21929,JUMBO BAG PINK VINTAGE PAISLEY,85099B,JUMBO BAG RED RETROSPOT,0.0273,0.5682,4.7848,moderate,0,AY
22411,JUMBO SHOPPER VINTAGE RED PAISLEY,85099F,JUMBO BAG STRAWBERRY,0.0172,0.263,4.7531,moderate,0,AX
85099F,JUMBO BAG STRAWBERRY,22411,JUMBO SHOPPER VINTAGE RED PAISLEY,0.0172,0.3107,4.7531,moderate,0,AX
23199,JUMBO BAG APPLES,85099B,JUMBO BAG RED RETROSPOT,0.0163,0.5594,4.7106,moderate,0,AZ
85099B,JUMBO BAG RED RETROSPOT,23199,JUMBO BAG APPLES,0.0163,0.1372,4.7106,moderate,0,AX
22423,REGENCY CAKESTAND 3 TIER,22698,PINK REGENCY TEACUP AND SAUCER,0.0165,0.1435,4.6778,moderate,0,AX
22698,PINK REGENCY TEACUP AND SAUCER,22423,REGENCY CAKESTAND 3 TIER,0.0165,0.5389,4.6778,moderate,0,AY
85099B,JUMBO BAG RED RETROSPOT,21930,JUMBO STORAGE BAG SKULLS,0.0217,0.1827,4.6482,moderate,0,AX
21930,JUMBO STORAGE BAG SKULLS,85099B,JUMBO BAG RED RETROSPOT,0.0217,0.552,4.6482,moderate,0,AX
22697,GREEN REGENCY TEACUP AND SAUCER,22423,REGENCY CAKESTAND 3 TIER,0.0215,0.5333,4.6289,moderate,0,AY
22423,REGENCY CAKESTAND 3 TIER,22697,GREEN REGENCY TEACUP AND SAUCER,0.0215,0.1868,4.6289,moderate,0,AX
22699,ROSES REGENCY TEACUP AND SAUCER,22423,REGENCY CAKESTAND 3 TIER,0.0222,0.5239,4.5479,moderate,0,AY
22423,REGENCY CAKESTAND 3 TIER,22699,ROSES REGENCY TEACUP AND SAUCER,0.0222,0.1927,4.5479,moderate,0,AX
85099B,JUMBO BAG RED RETROSPOT,22411,JUMBO SHOPPER VINTAGE RED PAISLEY,0.0347,0.2923,4.4717,moderate,0,AX
22411,JUMBO SHOPPER VINTAGE RED PAISLEY,85099B,JUMBO BAG RED RETROSPOT,0.0347,0.5311,4.4717,moderate,0,AX
22139,RETROSPOT TEA SET CERAMIC 11 PC,22138,BAKING SET 9 PIECE RETROSPOT,0.0156,0.2511,4.4369,moderate,0,AY
22138,BAKING SET 9 PIECE RETROSPOT,22139,RETROSPOT TEA SET CERAMIC 11 PC,0.0156,0.2764,4.4369,moderate,0,AY
20723,STRAWBERRY CHARLOTTE BAG,20725,LUNCH BAG RED RETROSPOT,0.0166,0.4032,4.4219,moderate,0,AX
20725,LUNCH BAG RED RETROSPOT,20723,STRAWBERRY CHARLOTTE BAG,0.0166,0.182,4.4219,moderate,0,AX
20727,LUNCH BAG  BLACK SKULL.,22355,CHARLOTTE BAG SUKI DESIGN,0.016,0.2286,4.414,moderate,0,AY
22355,CHARLOTTE BAG SUKI DESIGN,20727,LUNCH BAG  BLACK SKULL.,0.016,0.3089,4.414,moderate,0,AX
22384,LUNCH BAG PINK POLKADOT,22386,JUMBO BAG PINK POLKADOT,0.0184,0.2932,4.3835,moderate,0,AX
22386,JUMBO BAG PINK POLKADOT,22384,LUNCH BAG PINK POLKADOT,0.0184,0.2749,4.3835,moderate,0,AX
21733,RED HANGING HEART T-LIGHT HOLDER,85123A,WHITE HANGING HEART T-LIGHT HOLDER,0.0371,0.7077,4.3829,moderate,0,AY
85123A,WHITE HANGING HEART T-LIGHT HOLDER,21733,RED HANGING HEART T-LIGHT HOLDER,0.0371,0.2296,4.3829,moderate,0,AX
21931,JUMBO STORAGE BAG SUKI,22383,LUNCH BAG SUKI  DESIGN,0.0216,0.3113,4.3508,moderate,0,AX
22383,LUNCH BAG SUKI  DESIGN,21931,JUMBO STORAGE BAG SUKI,0.0216,0.302,4.3508,moderate,0,AX
22356,CHARLOTTE BAG PINK POLKADOT,20725,LUNCH BAG RED RETROSPOT,0.0186,0.3933,4.3135,moderate,0,AX
20725,LUNCH BAG RED RETROSPOT,22356,CHARLOTTE BAG PINK POLKADOT,0.0186,0.2039,4.3135,moderate,0,AX
20727,LUNCH BAG  BLACK SKULL.,20724,RED RETROSPOT CHARLOTTE BAG,0.0177,0.2529,4.1635,moderate,0,AY
20724,RED RETROSPOT CHARLOTTE BAG,20727,LUNCH BAG  BLACK SKULL.,0.0177,0.2914,4.1635,moderate,0,AX
20724,RED RETROSPOT CHARLOTTE BAG,20725,LUNCH BAG RED RETROSPOT,0.0229,0.3769,4.1336,moderate,0,AX
20725,LUNCH BAG RED RETROSPOT,20724,RED RETROSPOT CHARLOTTE BAG,0.0229,0.2511,4.1336,moderate,0,AX
20728,LUNCH BAG CARS BLUE,20724,RED RETROSPOT CHARLOTTE BAG,0.0154,0.2506,4.1261,moderate,0,AY
20724,RED RETROSPOT CHARLOTTE BAG,20728,LUNCH BAG CARS BLUE,0.0154,0.2541,4.1261,moderate,0,AX
85099B,JUMBO BAG RED RETROSPOT,22379,RECYCLING BAG RETROSPOT,0.0229,0.1928,4.1216,moderate,0,AX
22379,RECYCLING BAG RETROSPOT,85099B,JUMBO BAG RED RETROSPOT,0.0229,0.4895,4.1216,moderate,0,AY
20718,RED RETROSPOT SHOPPER BAG,85099B,JUMBO BAG RED RETROSPOT,0.0171,0.4728,3.981,moderate,0,AX
85099B,JUMBO BAG RED RETROSPOT,20718,RED RETROSPOT SHOPPER BAG,0.0171,0.144,3.981,moderate,0,AX
20725,LUNCH BAG RED RETROSPOT,22355,CHARLOTTE BAG SUKI DESIGN,0.0188,0.2059,3.976,moderate,0,AX
22355,CHARLOTTE BAG SUKI DESIGN,20725,LUNCH BAG RED RETROSPOT,0.0188,0.3625,3.976,moderate,0,AX
85099B,JUMBO BAG RED RETROSPOT,23203,JUMBO BAG VINTAGE DOILY,0.0172,0.145,3.9501,moderate,0,AX
23203,JUMBO BAG VINTAGE DOILY,85099B,JUMBO BAG RED RETROSPOT,0.0172,0.4691,3.9501,moderate,0,AZ
20724,RED RETROSPOT CHARLOTTE BAG,22383,LUNCH BAG SUKI  DESIGN,0.017,0.2791,3.9014,moderate,0,AX
22383,LUNCH BAG SUKI  DESIGN,20724,RED RETROSPOT CHARLOTTE BAG,0.017,0.237,3.9014,moderate,0,AX
20724,RED RETROSPOT CHARLOTTE BAG,21931,JUMBO STORAGE BAG SUKI,0.0163,0.2688,3.8719,moderate,0,AX
21931,JUMBO STORAGE BAG SUKI,20724,RED RETROSPOT CHARLOTTE BAG,0.0163,0.2352,3.8719,moderate,0,AX
21212,PACK OF 72 RETROSPOT CAKE CASES,21080,SET/20 RED RETROSPOT PAPER NAPKINS,0.0226,0.2429,3.8413,moderate,0,AX
21080,SET/20 RED RETROSPOT PAPER NAPKINS,21212,PACK OF 72 RETROSPOT CAKE CASES,0.0226,0.3572,3.8413,moderate,0,AX
20725,LUNCH BAG RED RETROSPOT,20719,WOODLAND CHARLOTTE BAG,0.0161,0.1771,3.7744,moderate,0,AX
20719,WOODLAND CHARLOTTE BAG,20725,LUNCH BAG RED RETROSPOT,0.0161,0.3441,3.7744,moderate,0,AX
21212,PACK OF 72 RETROSPOT CAKE CASES,20719,WOODLAND CHARLOTTE BAG,0.0162,0.1746,3.721,moderate,0,AX
20719,WOODLAND CHARLOTTE BAG,21212,PACK OF 72 RETROSPOT CAKE CASES,0.0162,0.3461,3.721,moderate,0,AX
21212,PACK OF 72 RETROSPOT CAKE CASES,22356,CHARLOTTE BAG PINK POLKADOT,0.0164,0.1759,3.72,moderate,0,AX
22356,CHARLOTTE BAG PINK POLKADOT,21212,PACK OF 72 RETROSPOT CAKE CASES,0.0164,0.346,3.72,moderate,0,AX
20724,RED RETROSPOT CHARLOTTE BAG,21212,PACK OF 72 RETROSPOT CAKE CASES,0.0204,0.3366,3.6194,moderate,0,AX
21212,PACK OF 72 RETROSPOT CAKE CASES,20724,RED RETROSPOT CHARLOTTE BAG,0.0204,0.2198,3.6194,moderate,0,AX
21212,PACK OF 72 RETROSPOT CAKE CASES,22355,CHARLOTTE BAG SUKI DESIGN,0.0167,0.1797,3.4706,moderate,0,AX
22355,CHARLOTTE BAG SUKI DESIGN,21212,PACK OF 72 RETROSPOT CAKE CASES,0.0167,0.3228,3.4706,moderate,0,AX
20724,RED RETROSPOT CHARLOTTE BAG,21232,STRAWBERRY CERAMIC TRINKET BOX,0.0152,0.2496,3.4476,moderate,0,AX
21232,STRAWBERRY CERAMIC TRINKET BOX,20724,RED RETROSPOT CHARLOTTE BAG,0.0152,0.2094,3.4476,moderate,0,AX
21232,STRAWBERRY CERAMIC TRINKET BOX,84991,60 TEATIME FAIRY CAKE CASES,0.0157,0.2168,3.417,moderate,0,AX
84991,60 TEATIME FAIRY CAKE CASES,21232,STRAWBERRY CERAMIC TRINKET BOX,0.0157,0.2474,3.417,moderate,0,AX
20724,RED RETROSPOT CHARLOTTE BAG,85099B,JUMBO BAG RED RETROSPOT,0.0244,0.402,3.3847,moderate,0,AX
85099B,JUMBO BAG RED RETROSPOT,20724,RED RETROSPOT CHARLOTTE BAG,0.0244,0.2056,3.3847,moderate,0,AX
21931,JUMBO STORAGE BAG SUKI,20727,LUNCH BAG  BLACK SKULL.,0.0158,0.2279,3.2556,moderate,0,AX
20727,LUNCH BAG  BLACK SKULL.,21931,JUMBO STORAGE BAG SUKI,0.0158,0.226,3.2556,moderate,0,AY
21931,JUMBO STORAGE BAG SUKI,20725,LUNCH BAG RED RETROSPOT,0.0206,0.2962,3.2487,moderate,0,AX
20725,LUNCH BAG RED RETROSPOT,21931,JUMBO STORAGE BAG SUKI,0.0206,0.2255,3.2487,moderate,0,AX
22383,LUNCH BAG SUKI  DESIGN,22386,JUMBO BAG PINK POLKADOT,0.0155,0.2161,3.2309,moderate,0,AX
22386,JUMBO BAG PINK POLKADOT,22383,LUNCH BAG SUKI  DESIGN,0.0155,0.2311,3.2309,moderate,0,AX
22356,CHARLOTTE BAG PINK POLKADOT,85099B,JUMBO BAG RED RETROSPOT,0.0179,0.3782,3.1843,moderate,0,AX
85099B,JUMBO BAG RED RETROSPOT,22356,CHARLOTTE BAG PINK POLKADOT,0.0179,0.1505,3.1843,moderate,0,AX
20723,STRAWBERRY CHARLOTTE BAG,85099B,JUMBO BAG RED RETROSPOT,0.0154,0.3735,3.1447,moderate,0,AX
85099B,JUMBO BAG RED RETROSPOT,20723,STRAWBERRY CHARLOTTE BAG,0.0154,0.1294,3.1447,moderate,0,AX
85099F,JUMBO BAG STRAWBERRY,20725,LUNCH BAG RED RETROSPOT,0.0158,0.2864,3.1411,moderate,0,AX
20725,LUNCH BAG RED RETROSPOT,85099F,JUMBO BAG STRAWBERRY,0.0158,0.1738,3.1411,moderate,0,AX
85099B,JUMBO BAG RED RETROSPOT,20725,LUNCH BAG RED RETROSPOT,0.033,0.2777,3.0457,moderate,0,AX
20725,LUNCH BAG RED RETROSPOT,85099B,JUMBO BAG RED RETROSPOT,0.033,0.3617,3.0457,moderate,0,AX
22386,JUMBO BAG PINK POLKADOT,20725,LUNCH BAG RED RETROSPOT,0.0183,0.2731,2.9951,moderate,0,AX
20725,LUNCH BAG RED RETROSPOT,22386,JUMBO BAG PINK POLKADOT,0.0183,0.2003,2.9951,moderate,0,AX
85099B,JUMBO BAG RED RETROSPOT,22355,CHARLOTTE BAG SUKI DESIGN,0.0183,0.1541,2.9751,moderate,0,AX
22355,CHARLOTTE BAG SUKI DESIGN,85099B,JUMBO BAG RED RETROSPOT,0.0183,0.3533,2.9751,moderate,0,AX
20914,SET/5 RED RETROSPOT LID GLASS BOWLS,21212,PACK OF 72 RETROSPOT CAKE CASES,0.0167,0.2764,2.9717,moderate,0,AX
21212,PACK OF 72 RETROSPOT CAKE CASES,20914,SET/5 RED RETROSPOT LID GLASS BOWLS,0.0167,0.1791,2.9717,moderate,0,AX
85099B,JUMBO BAG RED RETROSPOT,20719,WOODLAND CHARLOTTE BAG,0.0162,0.1367,2.9139,moderate,0,AX
20719,WOODLAND CHARLOTTE BAG,85099B,JUMBO BAG RED RETROSPOT,0.0162,0.3461,2.9139,moderate,0,AX
21212,PACK OF 72 RETROSPOT CAKE CASES,21232,STRAWBERRY CERAMIC TRINKET BOX,0.019,0.2041,2.8189,moderate,0,AX
21232,STRAWBERRY CERAMIC TRINKET BOX,21212,PACK OF 72 RETROSPOT CAKE CASES,0.019,0.2622,2.8189,moderate,0,AX
22219,LOVEBIRD HANGING DECORATION WHITE,85123A,WHITE HANGING HEART T-LIGHT HOLDER,0.0155,0.4534,2.8082,moderate,0,AX
85123A,WHITE HANGING HEART T-LIGHT HOLDER,22219,LOVEBIRD HANGING DECORATION WHITE,0.0155,0.0963,2.8082,moderate,0,AX
22189,CREAM HEART CARD HOLDER,85123A,WHITE HANGING HEART T-LIGHT HOLDER,0.0174,0.4491,2.7812,moderate,0,AZ
85123A,WHITE HANGING HEART T-LIGHT HOLDER,22189,CREAM HEART CARD HOLDER,0.0174,0.1076,2.7812,moderate,0,AX
22384,LUNCH BAG PINK POLKADOT,85099B,JUMBO BAG RED RETROSPOT,0.0204,0.3251,2.7374,moderate,0,AX
85099B,JUMBO BAG RED RETROSPOT,22384,LUNCH BAG PINK POLKADOT,0.0204,0.1717,2.7374,moderate,0,AX
21212,PACK OF 72 RETROSPOT CAKE CASES,20725,LUNCH BAG RED RETROSPOT,0.023,0.2471,2.7101,moderate,0,AX
20725,LUNCH BAG RED RETROSPOT,21212,PACK OF 72 RETROSPOT CAKE CASES,0.023,0.252,2.7101,moderate,0,AX
20725,LUNCH BAG RED RETROSPOT,22411,JUMBO SHOPPER VINTAGE RED PAISLEY,0.0161,0.1761,2.6942,moderate,0,AX
22411,JUMBO SHOPPER VINTAGE RED PAISLEY,20725,LUNCH BAG RED RETROSPOT,0.0161,0.2457,2.6942,moderate,0,AX
22383,LUNCH BAG SUKI  DESIGN,85099B,JUMBO BAG RED RETROSPOT,0.0224,0.3125,2.6312,moderate,0,AX
85099B,JUMBO BAG RED RETROSPOT,22383,LUNCH BAG SUKI  DESIGN,0.0224,0.1882,2.6312,moderate,0,AX
22197,SMALL POPCORN HOLDER,21212,PACK OF 72 RETROSPOT CAKE CASES,0.0166,0.2441,2.6244,moderate,0,AY
21212,PACK OF 72 RETROSPOT CAKE CASES,22197,SMALL POPCORN HOLDER,0.0166,0.1784,2.6244,moderate,0,AX
84836,ZINC METAL HEART DECORATION,85123A,WHITE HANGING HEART T-LIGHT HOLDER,0.0176,0.4203,2.6032,moderate,0,AY
85123A,WHITE HANGING HEART T-LIGHT HOLDER,84836,ZINC METAL HEART DECORATION,0.0176,0.1092,2.6032,moderate,0,AX
85123A,WHITE HANGING HEART T-LIGHT HOLDER,82482,WOODEN PICTURE FRAME WHITE FINISH,0.0249,0.154,2.5807,moderate,0,AX
82482,WOODEN PICTURE FRAME WHITE FINISH,85123A,WHITE HANGING HEART T-LIGHT HOLDER,0.0249,0.4167,2.5807,moderate,0,AX
85123A,WHITE HANGING HEART T-LIGHT HOLDER,82494L,WOODEN FRAME ANTIQUE WHITE,0.0251,0.1555,2.5345,moderate,0,AX
82494L,WOODEN FRAME ANTIQUE WHITE,85123A,WHITE HANGING HEART T-LIGHT HOLDER,0.0251,0.4092,2.5345,moderate,0,AX
85099B,JUMBO BAG RED RETROSPOT,20726,LUNCH BAG WOODLAND,0.0171,0.144,2.5104,moderate,0,AX
20726,LUNCH BAG WOODLAND,85099B,JUMBO BAG RED RETROSPOT,0.0171,0.2981,2.5104,moderate,0,AY
85099B,JUMBO BAG RED RETROSPOT,20728,LUNCH BAG CARS BLUE,0.0182,0.1531,2.4857,moderate,0,AX
20728,LUNCH BAG CARS BLUE,85099B,JUMBO BAG RED RETROSPOT,0.0182,0.2952,2.4857,moderate,0,AY
21755,LOVE BUILDING BLOCK WORD,85123A,WHITE HANGING HEART T-LIGHT HOLDER,0.0201,0.3983,2.467,moderate,0,AX
85123A,WHITE HANGING HEART T-LIGHT HOLDER,21755,LOVE BUILDING BLOCK WORD,0.0201,0.1246,2.467,moderate,0,AX
20727,LUNCH BAG  BLACK SKULL.,85099B,JUMBO BAG RED RETROSPOT,0.0203,0.2896,2.4382,moderate,0,AY
85099B,JUMBO BAG RED RETROSPOT,20727,LUNCH BAG  BLACK SKULL.,0.0203,0.1706,2.4382,moderate,0,AX
85123A,WHITE HANGING HEART T-LIGHT HOLDER,22470,HEART OF WICKER LARGE,0.0228,0.1414,2.4334,moderate,0,AX
22470,HEART OF WICKER LARGE,85123A,WHITE HANGING HEART T-LIGHT HOLDER,0.0228,0.3929,2.4334,moderate,0,AY
21212,PACK OF 72 RETROSPOT CAKE CASES,20727,LUNCH BAG  BLACK SKULL.,0.0158,0.1694,2.421,moderate,0,AX
20727,LUNCH BAG  BLACK SKULL.,21212,PACK OF 72 RETROSPOT CAKE CASES,0.0158,0.2252,2.421,moderate,0,AY
85123A,WHITE HANGING HEART T-LIGHT HOLDER,84970S,HANGING HEART ZINC T-LIGHT HOLDER,0.0176,0.1092,2.408,moderate,0,AX
84970S,HANGING HEART ZINC T-LIGHT HOLDER,85123A,WHITE HANGING HEART T-LIGHT HOLDER,0.0176,0.3888,2.408,moderate,0,AX
85099B,JUMBO BAG RED RETROSPOT,21080,SET/20 RED RETROSPOT PAPER NAPKINS,0.0173,0.1455,2.3008,moderate,0,AX
21080,SET/20 RED RETROSPOT PAPER NAPKINS,85099B,JUMBO BAG RED RETROSPOT,0.0173,0.2732,2.3008,moderate,0,AX
21212,PACK OF 72 RETROSPOT CAKE CASES,22383,LUNCH BAG SUKI  DESIGN,0.0153,0.1643,2.2968,moderate,0,AX
22383,LUNCH BAG SUKI  DESIGN,21212,PACK OF 72 RETROSPOT CAKE CASES,0.0153,0.2136,2.2968,moderate,0,AX
85099B,JUMBO BAG RED RETROSPOT,22197,SMALL POPCORN HOLDER,0.0183,0.1541,2.2659,moderate,0,AX
22197,SMALL POPCORN HOLDER,85099B,JUMBO BAG RED RETROSPOT,0.0183,0.2691,2.2659,moderate,0,AY
85123A,WHITE HANGING HEART T-LIGHT HOLDER,22469,HEART OF WICKER SMALL,0.0234,0.1447,2.2649,moderate,0,AX
22469,HEART OF WICKER SMALL,85123A,WHITE HANGING HEART T-LIGHT HOLDER,0.0234,0.3657,2.2649,moderate,0,AY
21212,PACK OF 72 RETROSPOT CAKE CASES,47566,PARTY BUNTING,0.0166,0.1788,2.2618,moderate,0,AX
47566,PARTY BUNTING,21212,PACK OF 72 RETROSPOT CAKE CASES,0.0166,0.2103,2.2618,moderate,0,AY
85123A,WHITE HANGING HEART T-LIGHT HOLDER,84978,HANGING HEART JAR T-LIGHT HOLDER,0.0154,0.0952,2.2509,moderate,0,AX
84978,HANGING HEART JAR T-LIGHT HOLDER,85123A,WHITE HANGING HEART T-LIGHT HOLDER,0.0154,0.3634,2.2509,moderate,0,AX
21754,HOME BUILDING BLOCK WORD,85123A,WHITE HANGING HEART T-LIGHT HOLDER,0.0222,0.361,2.2357,moderate,0,AX
85123A,WHITE HANGING HEART T-LIGHT HOLDER,21754,HOME BUILDING BLOCK WORD,0.0222,0.1375,2.2357,moderate,0,AX
85123A,WHITE HANGING HEART T-LIGHT HOLDER,22457,NATURAL SLATE HEART CHALKBOARD,0.0211,0.1307,2.1559,moderate,0,AX
22457,NATURAL SLATE HEART CHALKBOARD,85123A,WHITE HANGING HEART T-LIGHT HOLDER,0.0211,0.3481,2.1559,moderate,0,AY
85099B,JUMBO BAG RED RETROSPOT,22382,LUNCH BAG SPACEBOY DESIGN,0.016,0.135,2.1002,moderate,0,AX
22382,LUNCH BAG SPACEBOY DESIGN,85099B,JUMBO BAG RED RETROSPOT,0.016,0.2494,2.1002,moderate,0,AX
85099B,JUMBO BAG RED RETROSPOT,20914,SET/5 RED RETROSPOT LID GLASS BOWLS,0.015,0.1264,2.0978,moderate,0,AX
20914,SET/5 RED RETROSPOT LID GLASS BOWLS,85099B,JUMBO BAG RED RETROSPOT,0.015,0.2491,2.0978,moderate,0,AX
85099B,JUMBO BAG RED RETROSPOT,21212,PACK OF 72 RETROSPOT CAKE CASES,0.0229,0.193,2.0754,moderate,0,AX
21212,PACK OF 72 RETROSPOT CAKE CASES,85099B,JUMBO BAG RED RETROSPOT,0.0229,0.2465,2.0754,moderate,0,AX
22423,REGENCY CAKESTAND 3 TIER,47566,PARTY BUNTING,0.0188,0.1635,2.0684,moderate,0,AX
47566,PARTY BUNTING,22423,REGENCY CAKESTAND 3 TIER,0.0188,0.2383,2.0684,moderate,0,AY
21175,GIN + TONIC DIET METAL SIGN,85123A,WHITE HANGING HEART T-LIGHT HOLDER,0.0163,0.3291,2.0382,moderate,0,AY
85123A,WHITE HANGING HEART T-LIGHT HOLDER,21175,GIN + TONIC DIET METAL SIGN,0.0163,0.1007,2.0382,moderate,0,AX
85123A,WHITE HANGING HEART T-LIGHT HOLDER,22178,VICTORIAN GLASS HANGING T-LIGHT,0.0175,0.1083,2.014,moderate,0,AX
22178,VICTORIAN GLASS HANGING T-LIGHT,85123A,WHITE HANGING HEART T-LIGHT HOLDER,0.0175,0.3252,2.014,moderate,0,AY
85123A,WHITE HANGING HEART T-LIGHT HOLDER,21232,STRAWBERRY CERAMIC TRINKET BOX,0.0233,0.1445,1.9963,weak,0,AX
21232,STRAWBERRY CERAMIC TRINKET BOX,85123A,WHITE HANGING HEART T-LIGHT HOLDER,0.0233,0.3223,1.9963,weak,0,AX
21181,PLEASE ONE PERSON METAL SIGN,85123A,WHITE HANGING HEART T-LIGHT HOLDER,0.0173,0.3218,1.9931,weak,0,AY
85123A,WHITE HANGING HEART T-LIGHT HOLDER,21181,PLEASE ONE PERSON METAL SIGN,0.0173,0.1068,1.9931,weak,0,AX
85099B,JUMBO BAG RED RETROSPOT,21232,STRAWBERRY CERAMIC TRINKET BOX,0.017,0.1433,1.9784,weak,0,AX
21232,STRAWBERRY CERAMIC TRINKET BOX,85099B,JUMBO BAG RED RETROSPOT,0.017,0.235,1.9784,weak,0,AX
21212,PACK OF 72 RETROSPOT CAKE CASES,22423,REGENCY CAKESTAND 3 TIER,0.0206,0.2211,1.9193,weak,0,AX
22423,REGENCY CAKESTAND 3 TIER,21212,PACK OF 72 RETROSPOT CAKE CASES,0.0206,0.1785,1.9193,weak,0,AX
84946,ANTIQUE SILVER TEA GLASS ETCHED,85123A,WHITE HANGING HEART T-LIGHT HOLDER,0.0161,0.3062,1.8964,weak,0,AX
85123A,WHITE HANGING HEART T-LIGHT HOLDER,84946,ANTIQUE SILVER TEA GLASS ETCHED,0.0161,0.0994,1.8964,weak,0,AX
22423,REGENCY CAKESTAND 3 TIER,21232,STRAWBERRY CERAMIC TRINKET BOX,0.0156,0.1358,1.8748,weak,0,AX
21232,STRAWBERRY CERAMIC TRINKET BOX,22423,REGENCY CAKESTAND 3 TIER,0.0156,0.216,1.8748,weak,0,AX
85123A,WHITE HANGING HEART T-LIGHT HOLDER,84991,60 TEATIME FAIRY CAKE CASES,0.0181,0.1122,1.7682,weak,0,AX
84991,60 TEATIME FAIRY CAKE CASES,85123A,WHITE HANGING HEART T-LIGHT HOLDER,0.0181,0.2855,1.7682,weak,0,AX
47566,PARTY BUNTING,85099B,JUMBO BAG RED RETROSPOT,0.0166,0.2096,1.7649,weak,0,AY
85099B,JUMBO BAG RED RETROSPOT,47566,PARTY BUNTING,0.0166,0.1395,1.7649,weak,0,AX
85123A,WHITE HANGING HEART T-LIGHT HOLDER,20724,RED RETROSPOT CHARLOTTE BAG,0.0165,0.102,1.6799,weak,0,AX
20724,RED RETROSPOT CHARLOTTE BAG,85123A,WHITE HANGING HEART T-LIGHT HOLDER,0.0165,0.2713,1.6799,weak,0,AX
85123A,WHITE HANGING HEART T-LIGHT HOLDER,20914,SET/5 RED RETROSPOT LID GLASS BOWLS,0.0162,0.1006,1.6687,weak,0,AX
20914,SET/5 RED RETROSPOT LID GLASS BOWLS,85123A,WHITE HANGING HEART T-LIGHT HOLDER,0.0162,0.2694,1.6687,weak,0,AX
85123A,WHITE HANGING HEART T-LIGHT HOLDER,84879,ASSORTED COLOUR BIRD ORNAMENT,0.0223,0.1383,1.6568,weak,0,AX
84879,ASSORTED COLOUR BIRD ORNAMENT,85123A,WHITE HANGING HEART T-LIGHT HOLDER,0.0223,0.2675,1.6568,weak,0,AY
21931,JUMBO STORAGE BAG SUKI,85123A,WHITE HANGING HEART T-LIGHT HOLDER,0.0181,0.2614,1.6188,weak,0,AX
85123A,WHITE HANGING HEART T-LIGHT HOLDER,21931,JUMBO STORAGE BAG SUKI,0.0181,0.1124,1.6188,weak,0,AX
22384,LUNCH BAG PINK POLKADOT,85123A,WHITE HANGING HEART T-LIGHT HOLDER,0.0163,0.2599,1.6095,weak,0,AX
85123A,WHITE HANGING HEART T-LIGHT HOLDER,22384,LUNCH BAG PINK POLKADOT,0.0163,0.1009,1.6095,weak,0,AX
47566,PARTY BUNTING,85123A,WHITE HANGING HEART T-LIGHT HOLDER,0.0204,0.2587,1.6021,weak,0,AY
85123A,WHITE HANGING HEART T-LIGHT HOLDER,47566,PARTY BUNTING,0.0204,0.1266,1.6021,weak,0,AX
85123A,WHITE HANGING HEART T-LIGHT HOLDER,21977,PACK OF 60 PINK PAISLEY CAKE CASES,0.0153,0.095,1.598,weak,0,AX
21977,PACK OF 60 PINK PAISLEY CAKE CASES,85123A,WHITE HANGING HEART T-LIGHT HOLDER,0.0153,0.258,1.598,weak,0,AX
85123A,WHITE HANGING HEART T-LIGHT HOLDER,20725,LUNCH BAG RED RETROSPOT,0.0227,0.1403,1.5387,weak,0,AX
20725,LUNCH BAG RED RETROSPOT,85123A,WHITE HANGING HEART T-LIGHT HOLDER,0.0227,0.2484,1.5387,weak,0,AX
21080,SET/20 RED RETROSPOT PAPER NAPKINS,85123A,WHITE HANGING HEART T-LIGHT HOLDER,0.0157,0.2478,1.5344,weak,0,AX
85123A,WHITE HANGING HEART T-LIGHT HOLDER,21080,SET/20 RED RETROSPOT PAPER NAPKINS,0.0157,0.097,1.5344,weak,0,AX
85123A,WHITE HANGING HEART T-LIGHT HOLDER,20727,LUNCH BAG  BLACK SKULL.,0.0173,0.1068,1.5265,weak,0,AX
20727,LUNCH BAG  BLACK SKULL.,85123A,WHITE HANGING HEART T-LIGHT HOLDER,0.0173,0.2465,1.5265,weak,0,AY
22197,SMALL POPCORN HOLDER,85123A,WHITE HANGING HEART T-LIGHT HOLDER,0.0165,0.2428,1.5034,weak,0,AY
85123A,WHITE HANGING HEART T-LIGHT HOLDER,22197,SMALL POPCORN HOLDER,0.0165,0.1022,1.5034,weak,0,AX
85123A,WHITE HANGING HEART T-LIGHT HOLDER,21212,PACK OF 72 RETROSPOT CAKE CASES,0.0225,0.1396,1.5006,weak,0,AX
21212,PACK OF 72 RETROSPOT CAKE CASES,85123A,WHITE HANGING HEART T-LIGHT HOLDER,0.0225,0.2423,1.5006,weak,0,AX
22383,LUNCH BAG SUKI  DESIGN,85123A,WHITE HANGING HEART T-LIGHT HOLDER,0.017,0.2378,1.4727,weak,0,AX
85123A,WHITE HANGING HEART T-LIGHT HOLDER,22383,LUNCH BAG SUKI  DESIGN,0.017,0.1054,1.4727,weak,0,AX
22423,REGENCY CAKESTAND 3 TIER,20725,LUNCH BAG RED RETROSPOT,0.0152,0.1319,1.4462,weak,0,AX
20725,LUNCH BAG RED RETROSPOT,22423,REGENCY CAKESTAND 3 TIER,0.0152,0.1666,1.4462,weak,0,AX
85099B,JUMBO BAG RED RETROSPOT,85123A,WHITE HANGING HEART T-LIGHT HOLDER,0.0277,0.2335,1.446,weak,0,AX
85123A,WHITE HANGING HEART T-LIGHT HOLDER,85099B,JUMBO BAG RED RETROSPOT,0.0277,0.1717,1.446,weak,0,AX
22423,REGENCY CAKESTAND 3 TIER,85099B,JUMBO BAG RED RETROSPOT,0.0174,0.1513,1.274,weak,0,AX
85099B,JUMBO BAG RED RETROSPOT,22423,REGENCY CAKESTAND 3 TIER,0.0174,0.1468,1.274,weak,0,AX
22423,REGENCY CAKESTAND 3 TIER,85123A,WHITE HANGING HEART T-LIGHT HOLDER,0.0229,0.1984,1.229,weak,0,AX
85123A,WHITE HANGING HEART T-LIGHT HOLDER,22423,REGENCY CAKESTAND 3 TIER,0.0229,0.1416,1.229,weak,0,AX
