StockCode,mae_naive,mae_mean,mae_hw,beats_naive,improvement,product,class
22423,91.15,64.97,79.99,True,12.2,REGENCY CAKESTAND 3 TIER,AX
85123A,345.54,392.64,285.42,True,17.4,WHITE HANGING HEART T-LIGHT HOLDER,AX
85099B,672.38,482.95,482.95,True,28.2,JUMBO BAG RED RETROSPOT,AX
47566,147.31,132.07,173.56,False,-17.8,PARTY BUNTING,AY
84879,424.62,252.16,240.32,True,43.4,ASSORTED COLOUR BIRD ORNAMENT,AY
22086,677.31,934.69,681.73,False,-0.7,PAPER CHAIN KIT 50'S CHRISTMAS,AZ
23166,79.46,722.81,722.9,False,-809.7,MEDIUM CERAMIC TOP STORAGE JAR,AZ
79321,229.46,191.57,188.96,True,17.7,CHILLI LIGHTS,AY
22197,1597.23,1469.94,1332.55,True,16.6,SMALL POPCORN HOLDER,AY
22386,289.23,270.87,233.64,True,19.2,JUMBO BAG PINK POLKADOT,AX
20725,171.85,100.2,117.84,True,31.4,LUNCH BAG RED RETROSPOT,AX
84347,460.08,292.12,483.44,False,-5.1,ROTATING SILVER ANGELS T-LIGHT HLDR,AZ
85099F,200.08,221.79,221.79,False,-10.9,JUMBO BAG STRAWBERRY,AX
48138,65.69,87.96,67.99,False,-3.5,DOORMAT UNION FLAG,AY
23084,1967.54,1945.39,1878.63,True,4.5,RABBIT NIGHT LIGHT,AZ
20685,35.92,39.47,39.47,False,-9.9,DOORMAT RED RETROSPOT,AY
21137,295.15,270.87,270.87,True,8.2,BLACK RECORD COVER FRAME,AY
21843,49.46,36.15,30.73,True,37.9,RED RETROSPOT CAKE STAND,AY
21931,79.69,79.28,81.2,False,-1.9,JUMBO STORAGE BAG SUKI,AX
22502,0.23,40.32,4.2,False,-1720.5,PICNIC BASKET WICKER SMALL,AY
21621,27.62,44.27,19.54,True,29.2,VINTAGE UNION JACK BUNTING,AY
15056N,73.38,57.87,51.44,True,29.9,EDWARDIAN PARASOL NATURAL,AY
22114,165.54,245.87,190.59,False,-15.1,HOT WATER BOTTLE TEA AND SYMPATHY,AY
85099C,166.77,125.58,125.58,True,24.7,JUMBO  BAG BAROQUE BLACK WHITE,AX
22910,442.85,477.47,433.87,True,2.0,PAPER CHAIN KIT VINTAGE CHRISTMAS,AZ
22112,123.46,191.95,128.56,False,-4.1,CHOCOLATE HOT WATER BOTTLE,AY
22411,126.69,134.58,131.91,False,-4.1,JUMBO SHOPPER VINTAGE RED PAISLEY,AX
82484,52.23,60.41,69.54,False,-33.1,WOOD BLACK BOARD ANT WHITE FINISH,AZ
22470,204.38,164.98,184.25,True,9.9,HEART OF WICKER LARGE,AY
22139,79.54,62.74,81.2,False,-2.1,RETROSPOT TEA SET CERAMIC 11 PC,AY
22178,324.15,271.5,271.02,True,16.4,VICTORIAN GLASS HANGING T-LIGHT,AY
20914,63.85,67.69,48.79,True,23.6,SET/5 RED RETROSPOT LID GLASS BOWLS,AX
21212,272.31,395.41,256.85,True,5.7,PACK OF 72 RETROSPOT CAKE CASES,AX
21733,182.23,107.33,149.08,True,18.2,RED HANGING HEART T-LIGHT HOLDER,AY
22090,29.15,96.1,58.96,False,-102.2,PAPER BUNTING RETROSPOT,AY
21181,1028.62,252.64,283.53,True,72.4,PLEASE ONE PERSON METAL SIGN,AY
22111,109.46,138.6,116.72,False,-6.6,SCOTTIE DOG HOT WATER BOTTLE,AY
21929,107.92,161.83,135.46,False,-25.5,JUMBO BAG PINK VINTAGE PAISLEY,AY
21232,129.31,173.39,135.55,False,-4.8,STRAWBERRY CERAMIC TRINKET BOX,AX
84946,281.31,245.16,281.61,False,-0.1,ANTIQUE SILVER TEA GLASS ETCHED,AX
22189,93.69,118.97,118.97,False,-27.0,CREAM HEART CARD HOLDER,AZ
15056BL,69.15,49.0,40.34,True,41.7,EDWARDIAN PARASOL BLACK,AZ
22469,237.08,235.64,260.38,False,-9.8,HEART OF WICKER SMALL,AY
48194,60.0,77.07,77.07,False,-28.5,DOORMAT HEARTS,AY
21731,138.69,140.19,140.19,False,-1.1,RED TOADSTOOL LED NIGHT LIGHT,AY
22457,82.23,94.1,86.11,False,-4.7,NATURAL SLATE HEART CHALKBOARD,AY
82494L,60.54,63.99,63.74,False,-5.3,WOODEN FRAME ANTIQUE WHITE,AX
21754,31.0,33.2,12.51,True,59.7,HOME BUILDING BLOCK WORD,AX
48187,63.85,74.57,74.57,False,-16.8,DOORMAT NEW ENGLAND,AY
21928,77.92,78.52,78.52,False,-0.8,JUMBO BAG SCANDINAVIAN PAISLEY,AX
21523,58.85,43.79,43.79,True,25.6,DOORMAT FANCY FONT HOME SWEET HOME,AY
22138,144.54,142.5,157.68,False,-9.1,BAKING SET 9 PIECE RETROSPOT,AY
20727,83.54,88.03,88.03,False,-5.4,LUNCH BAG  BLACK SKULL.,AY
48185,52.08,73.07,73.07,False,-40.3,DOORMAT FAIRY CAKE,AZ
21623,22.23,43.2,43.2,False,-94.3,VINTAGE UNION JACK MEMOBOARD,AZ
22355,213.38,177.26,174.05,True,18.4,CHARLOTTE BAG SUKI DESIGN,AX
71477,155.0,145.79,148.83,True,4.0,COLOUR GLASS. STAR T-LIGHT HOLDER,AY
22326,102.77,89.34,89.34,True,13.1,ROUND SNACK BOXES SET OF4 WOODLAND,AY
21175,84.92,106.77,106.77,False,-25.7,GIN + TONIC DIET METAL SIGN,AY
84078A,4.54,7.34,7.34,False,-61.8,SET/4 WHITE RETRO STORAGE CUBES,AZ
22383,52.46,66.09,120.48,False,-129.7,LUNCH BAG SUKI  DESIGN,AX
84029E,133.31,126.67,149.72,False,-12.3,RED WOOLLY HOTTIE WHITE HEART.,AZ
23298,71.54,111.34,114.61,False,-60.2,SPOTTY BUNTING,AZ
84997D,66.92,66.94,66.94,False,-0.0,PINK 3 PIECE MINI DOTS CUTLERY SET,AY
21915,526.92,510.83,498.25,True,5.4,RED  HARMONICA IN BOX,AY
20728,69.15,68.79,68.79,True,0.5,LUNCH BAG CARS BLUE,AY
23203,264.92,569.23,265.0,False,-0.0,JUMBO BAG VINTAGE DOILY,AZ
82482,92.0,65.79,74.22,True,19.3,WOODEN PICTURE FRAME WHITE FINISH,AX
20713,173.77,177.13,177.13,False,-1.9,JUMBO BAG OWLS,AY
22083,45.69,42.95,36.02,True,21.2,PAPER CHAIN KIT RETROSPOT,AY
85066,29.69,29.1,29.1,True,2.0,CREAM SWEETHEART MINI CHEST,AY
84997B,85.23,50.34,54.05,True,36.6,RED 3 PIECE MINI DOTS CUTLERY SET,AY
20726,49.23,77.53,77.53,False,-57.5,LUNCH BAG WOODLAND,AY
82486,18.08,17.6,19.4,False,-7.3,WOOD S/3 CABINET ANT WHITE FINISH,AX
22960,97.0,135.39,81.0,True,16.5,JAM MAKING SET WITH JARS,AY
22699,96.23,74.22,70.35,True,26.9,ROSES REGENCY TEACUP AND SAUCER,AY
21166,463.08,227.67,215.15,True,53.5,COOK WITH WINE METAL SIGN,AY
23284,246.0,228.16,236.74,True,3.8,DOORMAT KEEP CALM AND COME IN,AZ
22720,90.31,133.36,90.45,False,-0.2,SET OF 3 CAKE TINS PANTRY DESIGN,AZ
22629,160.38,114.85,90.22,True,43.7,SPACEBOY LUNCH BOX,AY
20712,88.0,104.07,104.07,False,-18.3,JUMBO BAG WOODLAND ANIMALS,AY
21485,110.15,100.76,116.36,False,-5.6,RETROSPOT HEART HOT WATER BOTTLE,AY
22727,144.62,217.88,154.45,False,-6.8,ALARM CLOCK BAKELIKE RED,AZ
22328,64.92,45.05,45.05,True,30.6,ROUND SNACK BOXES SET OF 4 FRUITS,AY
21524,49.46,30.55,25.57,True,48.3,DOORMAT SPOTTY HOME SWEET HOME,AY
84997C,85.38,52.74,52.74,True,38.2,BLUE 3 PIECE MINI DOTS CUTLERY SET,AY
20724,159.92,177.32,146.24,True,8.6,RED RETROSPOT CHARLOTTE BAG,AX
21755,23.54,30.99,14.54,True,38.2,LOVE BUILDING BLOCK WORD,AX
22379,90.46,94.77,94.77,False,-4.8,RECYCLING BAG RETROSPOT,AY
22382,107.15,101.59,95.48,True,10.9,LUNCH BAG SPACEBOY DESIGN,AX
22384,79.62,76.05,106.27,False,-33.5,LUNCH BAG PINK POLKADOT,AX
22666,161.15,175.87,154.29,True,4.3,RECIPE BOX PANTRY YELLOW DESIGN,AY
22630,82.85,81.49,86.7,False,-4.7,DOLLY GIRL LUNCH BOX,AY
15036,134.92,331.79,280.77,False,-108.1,ASSORTED COLOURS SILK FAN,AY
22726,86.77,171.57,89.23,False,-2.8,ALARM CLOCK BAKELIKE GREEN,AY
22385,96.15,94.96,94.96,True,1.2,JUMBO BAG SPACEBOY DESIGN,AY
22865,364.54,384.18,269.26,True,26.1,HAND WARMER OWL DESIGN,AZ
22077,104.77,121.92,98.03,True,6.4,6 RIBBONS RUSTIC CHARM,AX
85152,257.62,163.65,163.65,True,36.5,HAND OVER THE CHOCOLATE   SIGN,AY
85014B,34.0,29.62,33.22,True,2.3,RED RETROSPOT UMBRELLA,AZ
48184,48.08,51.43,51.43,False,-7.0,DOORMAT ENGLISH ROSE,AY
23245,81.77,165.83,65.54,True,19.8,SET OF 3 REGENCY CAKE TINS,AZ
21479,111.15,93.58,110.27,True,0.8,WHITE SKULL HOT WATER BOTTLE,AZ
22697,60.69,74.99,59.87,True,1.4,GREEN REGENCY TEACUP AND SAUCER,AY
23199,170.69,245.7,208.96,False,-22.4,JUMBO BAG APPLES,AZ
22501,4.85,22.76,5.39,False,-11.1,PICNIC BASKET WICKER LARGE,AZ
20679,28.85,26.43,23.21,True,19.5,EDWARDIAN PARASOL RED,AZ
21217,16.31,16.21,9.91,True,39.2,RED SPOTTY ROUND CAKE TINS,AY
84029G,62.46,64.11,66.22,False,-6.0,KNITTED UNION FLAG HOT WATER BOTTLE,AZ
22659,114.92,107.56,121.58,False,-5.8,LUNCH BOX I LOVE LONDON,AY
47590B,13.69,27.72,24.98,False,-82.4,PINK HAPPY BIRTHDAY BUNTING,AY
22622,24.54,20.57,24.39,True,0.6,BOX OF VINTAGE ALPHABET BLOCKS,AZ
22158,104.15,112.91,119.45,False,-14.7,3 HEARTS HANGING DECORATION RUSTIC,AZ
82483,32.69,25.18,25.19,True,22.9,WOOD 2 DRAWER CABINET WHITE FINISH,AX
48188,21.69,42.41,42.41,False,-95.5,DOORMAT WELCOME PUPPIES,AZ
20971,440.69,435.97,439.33,True,0.3,PINK BLUE FELT CRAFT TRINKET BOX,AZ
84978,109.62,96.95,97.24,True,11.3,HANGING HEART JAR T-LIGHT HOLDER,AX
22866,192.23,307.33,193.4,False,-0.6,HAND WARMER SCOTTY DOG DESIGN,AZ
22467,94.15,111.81,105.62,False,-12.2,GUMBALL COAT RACK,AY
22752,42.38,33.86,39.81,True,6.1,SET 7 BABUSHKA NESTING BOXES,AZ
21977,371.38,296.91,296.91,True,20.1,PACK OF 60 PINK PAISLEY CAKE CASES,AX
22188,59.31,97.87,97.87,False,-65.0,BLACK HEART CARD HOLDER,AZ
82583,256.77,159.83,159.83,True,37.8,HOT BATHS METAL SIGN,AY
23201,208.77,331.34,192.2,True,7.9,JUMBO BAG ALPHABET,AZ
22492,465.08,364.19,351.9,True,24.3,MINI PAINT SET VINTAGE,AY
20719,108.92,74.01,70.8,True,35.0,WOODLAND CHARLOTTE BAG,AX
47566B,9.0,56.05,15.06,False,-67.4,TEA TIME PARTY BUNTING,AY
22624,51.08,18.55,27.33,True,46.5,IVORY KITCHEN SCALES,AY
21930,151.69,73.8,73.8,True,51.3,JUMBO STORAGE BAG SKULLS,AX
72741,91.85,84.0,100.38,False,-9.3,GRAND CHOCOLATECANDLE,AY
22835,96.62,119.93,77.35,True,19.9,HOT WATER BOTTLE I AM SO POORLY,AZ
84991,564.62,251.54,183.0,True,67.6,60 TEATIME FAIRY CAKE CASES,AX
22961,149.31,274.46,142.73,True,4.4,JAM MAKING SET PRINTED,AY
20750,16.38,16.34,16.34,True,0.3,RED RETROSPOT MINI CASES,AX
71459,197.46,190.17,134.41,True,31.9,HANGING JAM JAR T-LIGHT HOLDER,AY
22734,128.54,140.16,160.73,False,-25.0,SET OF 6 RIBBONS VINTAGE CHRISTMAS,AZ
22149,180.46,197.95,192.54,False,-6.7,FELTCRAFT 6 FLOWER FRIENDS,AY
22867,163.15,259.65,163.79,False,-0.4,HAND WARMER BIRD DESIGN,AZ
48111,48.69,62.67,43.19,True,11.3,DOORMAT 3 SMILEY CATS,AZ
22551,55.38,74.81,74.87,False,-35.2,PLASTERS IN TIN SPACEBOY,AY
82600,244.38,188.22,188.22,True,23.0,NO SINGING METAL SIGN,AY
20711,60.62,73.01,73.01,False,-20.5,JUMBO BAG TOYS,AY
21481,67.15,46.98,59.66,True,11.2,FAWN BLUE HOT WATER BOTTLE,AY
22507,41.62,48.13,46.69,False,-12.2,MEMO BOARD RETROSPOT  DESIGN,AZ
37503,0.0,26.55,0.0,False,,TEA TIME CAKE STAND IN GIFT BOX,AZ
22087,48.38,98.32,48.38,False,-0.0,PAPER BUNTING WHITE LACE,AY
21080,70.69,108.27,67.61,True,4.4,SET/20 RED RETROSPOT PAPER NAPKINS,AX
21108,247.23,202.26,202.26,True,18.2,FAIRY CAKE FLANNEL ASSORTED COLOUR,AZ
84755,192.62,220.61,185.04,True,3.9,COLOUR GLASS T-LIGHT HOLDER HANGING,AY
22084,2.15,92.91,2.07,True,3.7,PAPER CHAIN KIT EMPIRE,AZ
21527,0.0,36.13,2.14,False,,RED RETROSPOT TRADITIONAL TEAPOT,AY
23173,44.46,22.25,53.58,False,-20.5,REGENCY TEAPOT ROSES,AZ
20972,64.31,64.18,66.3,False,-3.1,PINK CREAM FELT CRAFT TRINKET BOX,AY
21314,49.77,47.95,48.17,True,3.2,SMALL GLASS HEART TRINKET POT,AY
84836,85.15,92.33,78.9,True,7.3,ZINC METAL HEART DECORATION,AY
84077,868.08,480.64,480.64,True,44.6,WORLD WAR 2 GLIDERS ASSTD DESIGNS,AY
22722,197.46,168.02,174.27,True,11.7,SET OF 6 SPICE TINS PANTRY DESIGN,AZ
22698,70.23,73.4,56.79,True,19.1,PINK REGENCY TEACUP AND SAUCER,AY
22728,79.77,121.36,79.23,True,0.7,ALARM CLOCK BAKELIKE PINK,AZ
48173C,19.92,33.52,33.52,False,-68.2,DOORMAT BLACK FLOCK,AZ
21231,88.15,56.21,90.89,False,-3.1,SWEETHEART CERAMIC TRINKET BOX,AY
47590A,16.08,23.68,21.93,False,-36.4,BLUE HAPPY BIRTHDAY BUNTING,AY
22171,13.15,20.63,20.63,False,-56.8,3 HOOK PHOTO SHELF ANTIQUE WHITE,AZ
23344,311.46,658.19,447.36,False,-43.6,JUMBO BAG 50'S CHRISTMAS,AZ
21955,12.77,36.12,27.83,False,-117.9,DOORMAT UNION JACK GUNS AND ROSES,AZ
21790,494.77,246.83,171.34,True,65.4,VINTAGE SNAP CARDS,AY
23243,168.69,191.9,180.74,False,-7.1,SET OF TEA COFFEE SUGAR TINS PANTRY,AZ
22605,6.62,9.31,6.47,True,2.2,WOODEN CROQUET GARDEN SET,AZ
22625,38.77,16.12,19.28,True,50.3,RED KITCHEN SCALES,AY
84406B,11.54,56.72,28.41,False,-146.2,CREAM CUPID HEARTS COAT HANGER,AY
22607,10.46,17.23,9.7,True,7.3,WOODEN ROUNDERS GARDEN SET,AY
21791,113.85,109.74,107.95,True,5.2,VINTAGE HEADS AND TAILS CARD GAME,AY
22554,81.08,95.3,85.63,False,-5.6,PLASTERS IN TIN WOODLAND ANIMALS,AY
21936,77.46,65.18,55.33,True,28.6,RED RETROSPOT PICNIC BAG,AY
84970S,63.15,138.53,64.76,False,-2.5,HANGING HEART ZINC T-LIGHT HOLDER,AX
22556,47.0,41.85,49.07,False,-4.4,PLASTERS IN TIN CIRCUS PARADE,AY
37449,7.92,20.39,9.96,False,-25.7,CERAMIC CAKE STAND + HANGING CAKES,AY
85014A,19.92,26.37,16.93,True,15.0,BLACK/BLUE POLKADOT UMBRELLA,AZ
20749,37.08,32.74,32.74,True,11.7,ASSORTED COLOUR MINI CASES,AY
22113,100.38,93.13,93.11,True,7.2,GREY HEART HOT WATER BOTTLE,AZ
22585,131.69,85.31,150.06,False,-13.9,PACK OF 6 BIRDY GIFT TAGS,AY
23202,111.23,230.55,111.29,False,-0.1,JUMBO BAG VINTAGE LEAF,AZ
22499,4.54,28.91,4.62,False,-1.8,WOODEN UNION JACK BUNTING,AY
22941,74.0,90.39,59.91,True,19.0,CHRISTMAS LIGHTS 10 REINDEER,AZ
21210,86.85,72.43,78.54,True,9.6,SET OF 72 RETROSPOT PAPER  DOILIES,AY
22456,13.23,12.67,11.39,True,13.9,NATURAL SLATE CHALKBOARD LARGE,AY
22969,169.08,159.61,153.37,True,9.3,HOMEMADE JAM SCENTED CANDLES,AZ
21213,521.31,199.07,182.11,True,65.1,PACK OF 72 SKULL CAKE CASES,AY
21258,9.92,8.08,10.87,False,-9.6,VICTORIAN SEWING BOX LARGE,AZ
23209,122.54,255.27,136.95,False,-11.8,LUNCH BAG VINTAGE DOILY,AZ
85048,49.54,66.54,42.3,True,14.6,15CM CHRISTMAS GLASS BALL 20 LIGHTS,AZ
22570,72.31,74.75,78.03,False,-7.9,FELTCRAFT CUSHION RABBIT,AY
22424,8.0,7.55,7.61,True,4.9,ENAMEL BREAD BIN CREAM,AY
23206,175.85,153.51,149.46,True,15.0,LUNCH BAG APPLE DESIGN,AZ
84997A,41.0,36.47,36.47,True,11.1,GREEN 3 PIECE MINI DOTS CUTLERY SET,AY
22294,80.31,96.16,71.58,True,10.9,HEART FILIGREE DOVE  SMALL,AY
22356,86.85,76.62,76.62,True,11.8,CHARLOTTE BAG PINK POLKADOT,AX
21218,33.92,30.66,30.66,True,9.6,RED SPOTTY BISCUIT TIN,AY
48116,39.77,52.86,52.86,False,-32.9,DOORMAT MULTICOLOUR STRIPE,AZ
22632,101.0,153.48,124.74,False,-23.5,HAND WARMER RED RETROSPOT,AZ
22617,57.62,52.64,58.72,False,-1.9,BAKING SET SPACEBOY DESIGN,AY
22693,92.54,96.43,92.84,False,-0.3,GROW A FLYTRAP OR SUNFLOWER IN TIN,AZ
20723,137.15,56.77,68.56,True,50.0,STRAWBERRY CHARLOTTE BAG,AX
21559,47.08,43.59,43.59,True,7.4,STRAWBERRY LUNCH BOX WITH CUTLERY,AX
22568,89.31,85.82,79.18,True,11.3,FELTCRAFT CUSHION OWL,AY
85150,347.69,24.83,24.83,True,92.9,LADIES & GENTLEMEN METAL SIGN,AY
21216,19.15,19.57,19.86,False,-3.7,"SET 3 RETROSPOT TEA,COFFEE,SUGAR",AY
22273,205.31,194.14,194.14,True,5.4,FELTCRAFT DOLL MOLLY,AZ
22569,66.23,65.35,71.18,False,-7.5,FELTCRAFT CUSHION BUTTERFLY,AY
21622,2.38,37.24,7.45,False,-212.3,VINTAGE UNION JACK CUSHION COVER,AZ
22900,58.08,43.55,40.51,True,30.2,SET 2 TEA TOWELS I LOVE LONDON,AZ
22413,142.54,139.12,142.26,True,0.2,METAL SIGN TAKE IT OR LEAVE IT,AZ
48129,44.0,41.56,29.96,True,31.9,DOORMAT TOPIARY,AZ
22381,58.08,75.59,58.01,True,0.1,TOY TIDY PINK POLKADOT,AY
21174,96.69,96.76,100.9,False,-4.4,POTTERING IN THE SHED METAL SIGN,AY
22558,127.54,72.17,60.91,True,52.2,CLOTHES PEGS RETROSPOT PACK 24,AY
22169,23.77,20.75,20.33,True,14.5,FAMILY ALBUM WHITE PICTURE FRAME,AY
22561,46.62,58.79,36.28,True,22.2,WOODEN SCHOOL COLOURING SET,AY
21340,13.92,8.05,10.15,True,27.1,CLASSIC METAL BIRDCAGE PLANT HOLDER,AY
22427,28.92,26.46,33.96,False,-17.4,ENAMEL FLOWER JUG CREAM,AY
22952,357.92,647.27,399.97,False,-11.7,60 CAKE CASES VINTAGE CHRISTMAS,AZ
21908,74.46,76.44,70.8,True,4.9,CHOCOLATE THIS WAY METAL SIGN,AY
22061,20.69,25.95,20.12,True,2.8,LARGE CAKE STAND  HANGING STRAWBERY,AY
84949,108.31,103.72,113.29,False,-4.6,SILVER HANGING T-LIGHT HOLDER,AY
71053,27.08,23.52,24.0,True,11.4,WHITE METAL LANTERN,AY
84947,160.08,169.16,169.16,False,-5.7,ANTIQUE SILVER TEA GLASS ENGRAVED,AY
47591D,98.0,46.36,75.92,True,22.5,PINK FAIRY CAKE CHILDRENS APRON,AY
22555,82.69,40.28,43.87,True,46.9,PLASTERS IN TIN STRONGMAN,AY
21035,48.0,48.86,48.86,False,-1.8,SET/2 RED RETROSPOT TEA TOWELS,AY
22041,52.85,55.57,55.57,False,-5.2,"RECORD FRAME 7"" SINGLE SIZE",AY
21121,112.77,86.75,86.75,True,23.1,SET/10 RED POLKADOT PARTY CANDLES,AY
22847,26.08,13.91,14.69,True,43.7,BREAD BIN DINER STYLE IVORY,AY
21484,50.0,43.06,56.51,False,-13.0,CHICK GREY HOT WATER BOTTLE,AZ
21430,30.38,18.69,37.15,False,-22.3,SET/3 RED GINGHAM ROSE STORAGE BOX,AY
22505,15.85,19.31,15.96,False,-0.7,MEMO BOARD COTTAGE DESIGN,AY
22147,217.31,210.62,220.48,False,-1.5,FELTCRAFT BUTTERFLY HEARTS,AY
22560,249.62,170.57,166.38,True,33.3,TRADITIONAL MODELLING CLAY,AY
22352,31.62,33.12,33.12,False,-4.8,LUNCH BOX WITH CUTLERY RETROSPOT,AX
22297,39.85,73.95,37.8,True,5.1,HEART IVORY TRELLIS SMALL,AY
84945,220.31,184.46,193.86,True,12.0,MULTI COLOUR SILVER T-LIGHT HOLDER,AY
84970L,52.54,98.05,66.56,False,-26.7,SINGLE HEART ZINC T-LIGHT HOLDER,AX
21914,103.08,176.54,135.57,False,-31.5,BLUE HARMONICA IN BOX,AY
22633,173.08,223.56,180.14,False,-4.1,HAND WARMER UNION JACK,AZ
22776,8.0,6.74,10.0,False,-25.0,SWEETHEART CAKESTAND 3 TIER,AY
21136,37.85,43.67,43.67,False,-15.4,PAINTED METAL PEARS ASSORTED,AY
20718,49.62,61.07,50.38,False,-1.5,RED RETROSPOT SHOPPER BAG,AX
22557,34.92,35.06,39.1,False,-12.0,PLASTERS IN TIN VINTAGE PAISLEY,AY
84992,111.92,171.27,133.38,False,-19.2,72 SWEETHEART FAIRY CAKE CASES,AY
22366,22.62,19.17,22.89,False,-1.2,DOORMAT AIRMAIL,AZ
21889,96.31,137.15,103.17,False,-7.1,WOODEN BOX OF DOMINOES,AY
23240,32.0,115.35,32.22,False,-0.7,SET OF 4 KNICK KNACK TINS DOILY,AZ
21156,72.23,40.66,69.64,True,3.6,RETROSPOT CHILDRENS APRON,AY
22654,21.54,15.29,19.84,True,7.9,DELUXE SEWING KIT,AY
21535,26.23,47.26,32.57,False,-24.2,RED RETROSPOT SMALL MILK JUG,AY
22652,153.23,102.97,124.79,True,18.6,TRAVEL SEWING KIT,AY
21533,8.38,18.97,18.97,False,-126.2,RETRO SPOT LARGE MILK JUG,AX
21164,11.54,40.66,18.61,False,-61.3,HOME SWEET HOME METAL SIGN,AY
72760B,4.69,10.91,2.83,True,39.7,VINTAGE CREAM 3 BASKET CAKE STAND,AY
22993,94.23,235.05,98.97,False,-5.0,SET OF 4 PANTRY JELLY MOULDS,AY
22837,0.69,37.29,0.71,False,-2.0,HOT WATER BOTTLE BABUSHKA,AZ
22487,6.85,4.74,6.89,False,-0.7,WHITE WOOD GARDEN PLANT LADDER,AY
21155,25.69,21.5,21.5,True,16.3,RED RETROSPOT PEG BAG,AY
23301,306.85,381.36,306.31,True,0.2,GARDENERS KNEELING PAD KEEP CALM,AZ
22191,8.46,9.38,16.25,False,-92.0,IVORY DINER WALL CLOCK,AZ
22662,99.08,41.36,75.83,True,23.5,LUNCH BAG DOLLY GIRL DESIGN,AY
35004C,0.0,32.97,0.0,False,,SET OF 3 COLOURED  FLYING DUCKS,AZ
22296,47.69,65.8,39.76,True,16.6,HEART IVORY TRELLIS LARGE,AY
22193,22.15,32.26,22.71,False,-2.5,RED DINER WALL CLOCK,AY
22634,14.08,7.29,8.02,True,43.0,CHILDS BREAKFAST SET SPACEBOY,AY
21877,115.92,113.66,113.66,True,2.0,HOME SWEET HOME MUG,AY
22692,35.08,32.47,32.18,True,8.3,DOORMAT WELCOME TO OUR HOME,AZ
22759,134.15,153.59,146.16,False,-8.9,SET OF 3 NOTEBOOKS IN PARCEL,AY
22690,25.23,25.05,25.05,True,0.7,DOORMAT HOME SWEET HOME BLUE,AZ
22635,9.92,6.99,6.75,True,31.9,CHILDS BREAKFAST SET DOLLY GIRL,AY
22367,42.46,45.1,50.4,False,-18.7,CHILDRENS APRON SPACEBOY DESIGN,AX
84375,41.0,39.15,62.16,False,-51.6,SET OF 20 KIDS COOKIE CUTTERS,AY
22170,26.15,25.39,23.68,True,9.4,PICTURE FRAME WOOD TRIPLE PORTRAIT,AY
22619,70.69,51.01,46.94,True,33.6,SET OF 6 SOLDIER SKITTLES,AY
22333,56.92,55.09,55.09,True,3.2,RETROSPOT PARTY BAG + STICKER SET,AY
85232B,0.0,33.23,1.88,False,,SET/3 RUSSIAN DOLL STACKING TINS,AZ
21891,174.77,163.11,171.73,True,1.7,TRADITIONAL WOODEN SKIPPING ROPE,AY
22173,33.54,21.38,23.76,True,29.2,METAL 4 HOOK HANGER FRENCH CHATEAU,AY
22749,68.31,56.21,60.44,True,11.5,FELTCRAFT PRINCESS CHARLOTTE DOLL,AY
84378,126.0,111.52,131.81,False,-4.6,SET OF 3 HEART COOKIE CUTTERS,AY
21844,32.23,46.69,34.01,False,-5.5,RED RETROSPOT MUG,AY
22940,35.0,59.23,36.71,False,-4.9,FELTCRAFT CHRISTMAS FAIRY,AZ
21094,187.46,103.83,103.83,True,44.6,SET/6 RED SPOTTY PAPER PLATES,AY
22365,34.38,30.95,29.69,True,13.6,DOORMAT RESPECTABLE HOUSE,AZ
22909,279.15,385.49,297.7,False,-6.6,SET OF 20 VINTAGE CHRISTMAS NAPKINS,AZ
21975,249.54,196.28,180.5,True,27.7,PACK OF 60 DINOSAUR CAKE CASES,AY
21165,323.15,57.9,57.9,True,82.1,BEWARE OF THE CAT METAL SIGN,AY
35970,150.77,294.86,220.69,False,-46.4,ZINC FOLKART SLEIGH BELLS,AZ
82582,82.31,72.94,72.94,True,11.4,AREA PATROLLED METAL SIGN,AY
22946,15.15,14.85,14.61,True,3.6,WOODEN ADVENT CALENDAR CREAM,AZ
21122,44.23,55.59,55.59,False,-25.7,SET/10 PINK POLKADOT PARTY CANDLES,AY
22606,1.69,9.72,3.71,False,-119.5,WOODEN SKITTLES GARDEN SET,AZ
22730,46.0,72.1,44.67,True,2.9,ALARM CLOCK BAKELIKE IVORY,AY
21770,17.69,18.99,18.99,False,-7.3,OPEN CLOSED METAL SIGN,AZ
17003,312.15,475.46,348.55,False,-11.7,BROCADE RING PURSE,AZ
21912,34.62,28.23,28.23,True,18.4,VINTAGE SNAKES & LADDERS,AY
