StockCode,model,smoothing_level_alpha,initial_level,sse,aic,n_train_weeks,train_start,train_end,converged,mae_naive,mae_mean,mae_hw,beats_naive,product,ABC,XYZ,class
22423,SimpleExponentialSmoothing,0.4603,0.0,2000146.6,931.8,93,2009-11-30,2011-09-05,True,91.15384615384616,64.9652605459057,79.99299635287156,True,REGENCY CAKESTAND 3 TIER,A,X,AX
85123A,SimpleExponentialSmoothing,0.0821,1175.89,29786869.0,1183.0,93,2009-11-30,2011-09-05,True,345.53846153846155,392.6377171215881,285.4167320994409,True,WHITE HANGING HEART T-LIGHT HOLDER,A,X,AX
85099B,SimpleExponentialSmoothing,0.0,877.32,17887872.6,1135.5,93,2009-11-30,2011-09-05,True,672.3846153846154,482.9528535980149,482.9537238821185,True,JUMBO BAG RED RETROSPOT,A,X,AX
47566,SimpleExponentialSmoothing,0.3784,36.1,3319727.8,978.9,93,2009-11-30,2011-09-05,True,147.30769230769232,132.0694789081886,173.5620077119261,False,PARTY BUNTING,A,Y,AY
84879,SimpleExponentialSmoothing,0.2159,948.19,49954072.7,1231.0,93,2009-11-30,2011-09-05,True,424.61538461538464,252.16459884201825,240.324560477405,True,ASSORTED COLOUR BIRD ORNAMENT,A,Y,AY
22086,SimpleExponentialSmoothing,0.9829,2036.13,7084581.3,1049.4,93,2009-11-30,2011-09-05,True,677.3076923076923,934.6856906534324,681.7282426270899,False,PAPER CHAIN KIT 50'S CHRISTMAS,A,Z,AZ
23166,SimpleExponentialSmoothing,0.0,825.87,5445127165.4,1667.3,93,2009-11-30,2011-09-05,True,79.46153846153847,722.8064516129033,722.9003091369648,False,MEDIUM CERAMIC TOP STORAGE JAR,A,Z,AZ
79321,SimpleExponentialSmoothing,0.2221,87.51,2472811.2,951.5,93,2009-11-30,2011-09-05,True,229.46153846153845,191.56823821339952,188.96114625465503,True,CHILLI LIGHTS,A,Y,AY
22197,SimpleExponentialSmoothing,0.1522,299.33,49739068.3,1230.6,93,2009-11-30,2011-09-05,True,1597.2307692307693,1469.942928039702,1332.5453226529426,True,SMALL POPCORN HOLDER,A,Y,AY
22386,SimpleExponentialSmoothing,0.2166,48.29,4235433.1,1001.6,93,2009-11-30,2011-09-05,True,289.2307692307692,270.87179487179486,233.6358365539372,True,JUMBO BAG PINK POLKADOT,A,X,AX
20725,SimpleExponentialSmoothing,0.1408,285.84,2996045.3,969.4,93,2009-11-30,2011-09-05,True,171.84615384615384,100.19768403639372,117.83753555635305,True,LUNCH BAG RED RETROSPOT,A,X,AX
84347,SimpleExponentialSmoothing,0.139,267.6,110521115.5,1304.9,93,2009-11-30,2011-09-05,True,460.0769230769231,292.1191066997519,483.44039078112826,False,ROTATING SILVER ANGELS T-LIGHT HLDR,A,Z,AZ
85099F,SimpleExponentialSmoothing,0.0,354.66,5653799.1,1028.4,93,2009-11-30,2011-09-05,True,200.07692307692307,221.79073614557484,221.790746744272,False,JUMBO BAG STRAWBERRY,A,X,AX
48138,SimpleExponentialSmoothing,0.0772,103.49,722631.8,837.1,93,2009-11-30,2011-09-05,True,65.6923076923077,87.9578163771712,67.98962991731497,False,DOORMAT UNION FLAG,A,Y,AY
23084,SimpleExponentialSmoothing,0.2232,0.0,2374087.3,947.7,93,2009-11-30,2011-09-05,True,1967.5384615384612,1945.3945409429284,1878.6290184210957,True,RABBIT NIGHT LIGHT,A,Z,AZ
20685,SimpleExponentialSmoothing,0.0,97.1,787120.1,845.0,93,2009-11-30,2011-09-05,True,35.92307692307692,39.4665012406948,39.46653416335432,False,DOORMAT RED RETROSPOT,A,Y,AY
21137,SimpleExponentialSmoothing,0.0,149.11,3343389.0,979.6,93,2009-11-30,2011-09-05,True,295.15384615384613,270.8651778329198,270.8651796732274,True,BLACK RECORD COVER FRAME,A,Y,AY
21843,SimpleExponentialSmoothing,0.0786,87.38,259102.2,741.7,93,2009-11-30,2011-09-05,True,49.46153846153846,36.153019023986765,30.728027493546023,True,RED RETROSPOT CAKE STAND,A,Y,AY
21931,SimpleExponentialSmoothing,0.0719,249.23,1745506.8,919.1,93,2009-11-30,2011-09-05,True,79.6923076923077,79.27543424317619,81.20479059842101,False,JUMBO STORAGE BAG SUKI,A,X,AX
22502,SimpleExponentialSmoothing,0.3302,0.0,143408.8,686.7,93,2009-11-30,2011-09-05,True,0.2307692307692307,40.317617866004966,4.201170472897752,False,PICNIC BASKET WICKER SMALL,A,Y,AY
21621,SimpleExponentialSmoothing,0.1118,44.12,525380.3,807.5,93,2009-11-30,2011-09-05,True,27.615384615384617,44.27129859387923,19.538981291094665,True,VINTAGE UNION JACK BUNTING,A,Y,AY
15056N,SimpleExponentialSmoothing,0.2152,361.82,1575048.8,909.6,93,2009-11-30,2011-09-05,True,73.38461538461539,57.86517783291978,51.44336706014356,True,EDWARDIAN PARASOL NATURAL,A,Y,AY
22114,SimpleExponentialSmoothing,0.7619,443.3,626068.7,823.8,93,2009-11-30,2011-09-05,True,165.53846153846155,245.86517783291973,190.59348642858083,False,HOT WATER BOTTLE TEA AND SYMPATHY,A,Y,AY
85099C,SimpleExponentialSmoothing,0.0,288.49,2474967.3,951.6,93,2009-11-30,2011-09-05,True,166.76923076923077,125.57733664185275,125.577340744206,True,JUMBO  BAG BAROQUE BLACK WHITE,A,X,AX
22910,SimpleExponentialSmoothing,0.8784,0.0,1746062.6,919.1,93,2009-11-30,2011-09-05,True,442.84615384615387,477.4698097601324,433.8674931523613,True,PAPER CHAIN KIT VINTAGE CHRISTMAS,A,Z,AZ
22112,SimpleExponentialSmoothing,0.9289,291.29,395286.1,781.0,93,2009-11-30,2011-09-05,True,123.46153846153848,191.9462365591398,128.5610721535097,False,CHOCOLATE HOT WATER BOTTLE,A,Y,AY
22411,SimpleExponentialSmoothing,0.2912,19.0,1952197.6,929.5,93,2009-11-30,2011-09-05,True,126.6923076923077,134.57568238213395,131.90658476456989,False,JUMBO SHOPPER VINTAGE RED PAISLEY,A,X,AX
82484,SimpleExponentialSmoothing,0.0668,28.18,2181028.4,939.8,93,2009-11-30,2011-09-05,True,52.23076923076923,60.412737799834574,69.54261716714967,False,WOOD BLACK BOARD ANT WHITE FINISH,A,Z,AZ
22470,SimpleExponentialSmoothing,0.1731,3.22,3604012.9,986.5,93,2009-11-30,2011-09-05,True,204.3846153846154,164.9776674937965,184.2521229428632,True,HEART OF WICKER LARGE,A,Y,AY
22139,SimpleExponentialSmoothing,0.4439,231.73,538553.2,809.8,93,2009-11-30,2011-09-05,True,79.53846153846153,62.74193548387096,81.19866419379773,False,RETROSPOT TEA SET CERAMIC 11 PC,A,Y,AY
22178,SimpleExponentialSmoothing,0.2812,194.33,6024542.3,1034.3,93,2009-11-30,2011-09-05,True,324.15384615384613,271.50124069478903,271.0211011177626,True,VICTORIAN GLASS HANGING T-LIGHT,A,Y,AY
20914,SimpleExponentialSmoothing,0.0952,217.76,1567334.3,909.1,93,2009-11-30,2011-09-05,True,63.84615384615385,67.69478908188586,48.791733929175024,True,SET/5 RED RETROSPOT LID GLASS BOWLS,A,X,AX
21212,SimpleExponentialSmoothing,0.0832,1044.85,22059744.1,1155.0,93,2009-11-30,2011-09-05,True,272.3076923076923,395.4127377998345,256.8480440980417,True,PACK OF 72 RETROSPOT CAKE CASES,A,X,AX
21733,SimpleExponentialSmoothing,0.1987,257.5,2617620.9,956.8,93,2009-11-30,2011-09-05,True,182.23076923076923,107.32671629445824,149.07973061388267,True,RED HANGING HEART T-LIGHT HOLDER,A,Y,AY
22090,SimpleExponentialSmoothing,0.2272,88.89,1380913.9,897.3,93,2009-11-30,2011-09-05,True,29.153846153846157,96.10090984284534,58.96088723671218,False,PAPER BUNTING RETROSPOT,A,Y,AY
21181,SimpleExponentialSmoothing,0.3646,263.73,5024167.1,1017.4,93,2009-11-30,2011-09-05,True,1028.6153846153843,252.63771712158808,283.52841920269475,True,PLEASE ONE PERSON METAL SIGN,A,Y,AY
22111,SimpleExponentialSmoothing,0.7772,388.78,608486.7,821.1,93,2009-11-30,2011-09-05,True,109.46153846153848,138.59801488833745,116.72294198043733,False,SCOTTIE DOG HOT WATER BOTTLE,A,Y,AY
21929,SimpleExponentialSmoothing,0.2356,207.91,3378082.6,980.5,93,2009-11-30,2011-09-05,True,107.92307692307692,161.83374689826303,135.46449773350486,False,JUMBO BAG PINK VINTAGE PAISLEY,A,Y,AY
21232,SimpleExponentialSmoothing,0.2898,788.81,4584696.1,1008.9,93,2009-11-30,2011-09-05,True,129.30769230769232,173.39205955334987,135.55193991617824,False,STRAWBERRY CERAMIC TRINKET BOX,A,X,AX
84946,SimpleExponentialSmoothing,0.4592,643.48,4561433.5,1008.5,93,2009-11-30,2011-09-05,True,281.3076923076923,245.15880893300252,281.6120329582957,False,ANTIQUE SILVER TEA GLASS ETCHED,A,X,AX
22189,SimpleExponentialSmoothing,0.0,157.24,6776380.9,1045.3,93,2009-11-30,2011-09-05,True,93.6923076923077,118.9735318444996,118.97345639725826,False,CREAM HEART CARD HOLDER,A,Z,AZ
15056BL,SimpleExponentialSmoothing,0.3472,644.24,2201311.7,940.7,93,2009-11-30,2011-09-05,True,69.15384615384616,48.995864350703066,40.34456234975282,True,EDWARDIAN PARASOL BLACK,A,Z,AZ
22469,SimpleExponentialSmoothing,0.1752,5.16,6955595.2,1047.7,93,2009-11-30,2011-09-05,True,237.07692307692307,235.63771712158808,260.3829043206988,False,HEART OF WICKER SMALL,A,Y,AY
48194,SimpleExponentialSmoothing,0.0,72.42,848876.7,852.1,93,2009-11-30,2011-09-05,True,60.0,77.07196029776675,77.07196873631126,False,DOORMAT HEARTS,A,Y,AY
21731,SimpleExponentialSmoothing,0.0,264.51,5376203.3,1023.7,93,2009-11-30,2011-09-05,True,138.69230769230768,140.19106699751862,140.1911024281513,False,RED TOADSTOOL LED NIGHT LIGHT,A,Y,AY
22457,SimpleExponentialSmoothing,0.4499,0.0,945907.4,862.1,93,2009-11-30,2011-09-05,True,82.23076923076923,94.10173697270471,86.11417897199838,False,NATURAL SLATE HEART CHALKBOARD,A,Y,AY
82494L,SimpleExponentialSmoothing,0.1953,165.66,743982.6,839.8,93,2009-11-30,2011-09-05,True,60.53846153846154,63.99255583126551,63.74020648779894,False,WOODEN FRAME ANTIQUE WHITE,A,X,AX
21754,SimpleExponentialSmoothing,0.2742,102.86,111031.1,662.9,93,2009-11-30,2011-09-05,True,31.0,33.20430107526881,12.50723030048462,True,HOME BUILDING BLOCK WORD,A,X,AX
48187,SimpleExponentialSmoothing,0.0,66.89,783392.9,844.6,93,2009-11-30,2011-09-05,True,63.84615384615385,74.57402812241521,74.57405680093166,False,DOORMAT NEW ENGLAND,A,Y,AY
21928,SimpleExponentialSmoothing,0.0,235.31,2723540.0,960.5,93,2009-11-30,2011-09-05,True,77.92307692307692,78.52357320099253,78.52357576015925,False,JUMBO BAG SCANDINAVIAN PAISLEY,A,X,AX
21523,SimpleExponentialSmoothing,0.0,66.03,768266.9,842.8,93,2009-11-30,2011-09-05,True,58.84615384615385,43.78660049627791,43.78654557242172,True,DOORMAT FANCY FONT HOME SWEET HOME,A,Y,AY
22138,SimpleExponentialSmoothing,0.0896,100.69,304132.2,756.6,93,2009-11-30,2011-09-05,True,144.53846153846155,142.49545078577336,157.67890991707716,False,BAKING SET 9 PIECE RETROSPOT,A,Y,AY
20727,SimpleExponentialSmoothing,0.0,250.18,7774640.0,1058.0,93,2009-11-30,2011-09-05,True,83.53846153846153,88.03473945409428,88.03485541991978,False,LUNCH BAG  BLACK SKULL.,A,Y,AY
48185,SimpleExponentialSmoothing,0.0,64.45,1305431.1,892.1,93,2009-11-30,2011-09-05,True,52.07692307692308,73.07444168734493,73.07451837764937,False,DOORMAT FAIRY CAKE,A,Z,AZ
21623,SimpleExponentialSmoothing,0.0,62.85,2587621.9,955.7,93,2009-11-30,2011-09-05,True,22.23076923076923,43.20347394540944,43.20347010695563,False,VINTAGE UNION JACK MEMOBOARD,A,Z,AZ
22355,SimpleExponentialSmoothing,0.1301,181.99,2180455.6,939.8,93,2009-11-30,2011-09-05,True,213.3846153846154,177.25806451612905,174.05208807332218,True,CHARLOTTE BAG SUKI DESIGN,A,X,AX
71477,SimpleExponentialSmoothing,0.2489,184.94,3970225.8,995.5,93,2009-11-30,2011-09-05,True,155.0,145.78577336641854,148.825320758354,True,COLOUR GLASS. STAR T-LIGHT HOLDER,A,Y,AY
22326,SimpleExponentialSmoothing,0.0,139.53,1265963.2,889.2,93,2009-11-30,2011-09-05,True,102.76923076923076,89.33581472291151,89.33581493664377,True,ROUND SNACK BOXES SET OF4 WOODLAND,A,Y,AY
21175,SimpleExponentialSmoothing,0.0,185.99,8793545.1,1069.5,93,2009-11-30,2011-09-05,True,84.92307692307692,106.7733664185277,106.77279376818086,False,GIN + TONIC DIET METAL SIGN,A,Y,AY
84078A,SimpleExponentialSmoothing,0.0,11.49,34413.2,554.0,93,2009-11-30,2011-09-05,True,4.538461538461538,7.341604631927213,7.341604408227337,False,SET/4 WHITE RETRO STORAGE CUBES,A,Z,AZ
22383,SimpleExponentialSmoothing,0.2046,39.48,2015135.5,932.5,93,2009-11-30,2011-09-05,True,52.46153846153846,66.09429280397022,120.483196917377,False,LUNCH BAG SUKI  DESIGN,A,X,AX
84029E,SimpleExponentialSmoothing,0.458,344.15,1700068.1,916.7,93,2009-11-30,2011-09-05,True,133.30769230769232,126.66749379652606,149.71968796277957,False,RED WOOLLY HOTTIE WHITE HEART.,A,Z,AZ
23298,SimpleExponentialSmoothing,0.4069,0.0,801069.5,846.7,93,2009-11-30,2011-09-05,True,71.53846153846153,111.33581472291152,114.60827572171836,False,SPOTTY BUNTING,A,Z,AZ
84997D,SimpleExponentialSmoothing,0.0,99.8,822701.1,849.2,93,2009-11-30,2011-09-05,True,66.92307692307692,66.9387923904053,66.93879061271493,False,PINK 3 PIECE MINI DOTS CUTLERY SET,A,Y,AY
21915,SimpleExponentialSmoothing,0.109,61.19,13482108.3,1109.2,93,2009-11-30,2011-09-05,True,526.9230769230769,510.8271298593879,498.2468691967661,True,RED  HARMONICA IN BOX,A,Y,AY
20728,SimpleExponentialSmoothing,0.0,236.44,6925177.0,1047.3,93,2009-11-30,2011-09-05,True,69.15384615384616,68.79404466501242,68.79364550218132,True,LUNCH BAG CARS BLUE,A,Y,AY
23203,SimpleExponentialSmoothing,0.7206,0.0,2544894.7,954.2,93,2009-11-30,2011-09-05,True,264.9230769230769,569.2332506203473,265.00317621051704,False,JUMBO BAG VINTAGE DOILY,A,Z,AZ
82482,SimpleExponentialSmoothing,0.4123,241.4,1132337.4,878.9,93,2009-11-30,2011-09-05,True,92.0,65.78577336641852,74.22411812315498,True,WOODEN PICTURE FRAME WHITE FINISH,A,X,AX
20713,SimpleExponentialSmoothing,0.0,183.47,2784813.2,962.6,93,2009-11-30,2011-09-05,True,173.76923076923077,177.12572373862696,177.1257586400054,False,JUMBO BAG OWLS,A,Y,AY
22083,SimpleExponentialSmoothing,0.0674,195.68,1334424.3,894.1,93,2009-11-30,2011-09-05,True,45.69230769230769,42.9454094292804,36.01773381730931,True,PAPER CHAIN KIT RETROSPOT,A,Y,AY
85066,SimpleExponentialSmoothing,0.0,26.13,63664.5,611.2,93,2009-11-30,2011-09-05,True,29.692307692307693,29.10421836228288,29.104219040125216,True,CREAM SWEETHEART MINI CHEST,A,Y,AY
84997B,SimpleExponentialSmoothing,0.0364,100.08,587084.0,817.8,93,2009-11-30,2011-09-05,True,85.23076923076923,50.33995037220844,54.04897505067031,True,RED 3 PIECE MINI DOTS CUTLERY SET,A,Y,AY
20726,SimpleExponentialSmoothing,0.0,216.08,6706946.6,1044.3,93,2009-11-30,2011-09-05,True,49.23076923076923,77.5252274607113,77.52528239325801,False,LUNCH BAG WOODLAND,A,Y,AY
82486,SimpleExponentialSmoothing,0.0712,55.3,66905.6,615.8,93,2009-11-30,2011-09-05,True,18.07692307692308,17.599669148056247,19.404853335586708,False,WOOD S/3 CABINET ANT WHITE FINISH,A,X,AX
22960,SimpleExponentialSmoothing,0.2024,0.0,610809.7,821.5,93,2009-11-30,2011-09-05,True,97.0,135.38626964433416,81.00089192581783,True,JAM MAKING SET WITH JARS,A,Y,AY
22699,SimpleExponentialSmoothing,0.1616,0.05,1219095.8,885.7,93,2009-11-30,2011-09-05,True,96.23076923076924,74.21753515301904,70.34719330587191,True,ROSES REGENCY TEACUP AND SAUCER,A,Y,AY
21166,SimpleExponentialSmoothing,0.2273,59.02,3517870.9,984.3,93,2009-11-30,2011-09-05,True,463.0769230769231,227.6650124069479,215.15341615769992,True,COOK WITH WINE METAL SIGN,A,Y,AY
23284,SimpleExponentialSmoothing,0.3266,0.0,464620.4,796.0,93,2009-11-30,2011-09-05,True,246.0,228.1612903225807,236.74372868946423,True,DOORMAT KEEP CALM AND COME IN,A,Z,AZ
22720,SimpleExponentialSmoothing,0.4075,0.0,483788.0,799.8,93,2009-11-30,2011-09-05,True,90.3076923076923,133.35897435897436,90.44758155402144,False,SET OF 3 CAKE TINS PANTRY DESIGN,A,Z,AZ
22629,SimpleExponentialSmoothing,0.1658,0.01,2643244.1,957.7,93,2009-11-30,2011-09-05,True,160.3846153846154,114.84615384615384,90.21691018635862,True,SPACEBOY LUNCH BOX,A,Y,AY
20712,SimpleExponentialSmoothing,0.0,157.3,1631615.6,912.8,93,2009-11-30,2011-09-05,True,88.0,104.06865177832918,104.06867077298206,False,JUMBO BAG WOODLAND ANIMALS,A,Y,AY
21485,SimpleExponentialSmoothing,0.5111,238.87,350584.5,769.8,93,2009-11-30,2011-09-05,True,110.15384615384616,100.76426799007446,116.35975773172837,False,RETROSPOT HEART HOT WATER BOTTLE,A,Y,AY
22727,SimpleExponentialSmoothing,0.2093,0.0,659371.6,828.6,93,2009-11-30,2011-09-05,True,144.6153846153846,217.88089330024815,154.44908213142634,False,ALARM CLOCK BAKELIKE RED,A,Z,AZ
22328,SimpleExponentialSmoothing,0.0,125.09,2666343.4,958.5,93,2009-11-30,2011-09-05,True,64.92307692307692,45.046319272125736,45.04637547073457,True,ROUND SNACK BOXES SET OF 4 FRUITS,A,Y,AY
21524,SimpleExponentialSmoothing,0.0936,84.8,263107.2,743.1,93,2009-11-30,2011-09-05,True,49.46153846153846,30.547559966914807,25.570752446313744,True,DOORMAT SPOTTY HOME SWEET HOME,A,Y,AY
84997C,SimpleExponentialSmoothing,0.0,84.37,687765.6,832.5,93,2009-11-30,2011-09-05,True,85.38461538461539,52.74110835401158,52.74110777031749,True,BLUE 3 PIECE MINI DOTS CUTLERY SET,A,Y,AY
20724,SimpleExponentialSmoothing,0.0619,229.76,1993978.9,931.5,93,2009-11-30,2011-09-05,True,159.92307692307693,177.31761786600495,146.24361838232122,True,RED RETROSPOT CHARLOTTE BAG,A,X,AX
21755,SimpleExponentialSmoothing,0.17,79.94,70918.7,621.2,93,2009-11-30,2011-09-05,True,23.53846153846154,30.990074441687344,14.538238710332251,True,LOVE BUILDING BLOCK WORD,A,X,AX
22379,SimpleExponentialSmoothing,0.0,146.99,2080509.0,935.4,93,2009-11-30,2011-09-05,True,90.46153846153848,94.76509511993385,94.76513245080535,False,RECYCLING BAG RETROSPOT,A,Y,AY
22382,SimpleExponentialSmoothing,0.3416,11.11,900281.6,857.5,93,2009-11-30,2011-09-05,True,107.15384615384616,101.59305210918114,95.47695243688992,True,LUNCH BAG SPACEBOY DESIGN,A,X,AX
22384,SimpleExponentialSmoothing,0.2754,13.17,1217215.6,885.6,93,2009-11-30,2011-09-05,True,79.61538461538461,76.0545905707196,106.26826954805878,False,LUNCH BAG PINK POLKADOT,A,X,AX
22666,SimpleExponentialSmoothing,0.1993,0.0,361291.7,772.6,93,2009-11-30,2011-09-05,True,161.15384615384616,175.86517783291976,154.28936925720168,True,RECIPE BOX PANTRY YELLOW DESIGN,A,Y,AY
22630,SimpleExponentialSmoothing,0.1454,0.04,2835671.2,964.2,93,2009-11-30,2011-09-05,True,82.84615384615384,81.4863523573201,86.6999734923054,False,DOLLY GIRL LUNCH BOX,A,Y,AY
15036,SimpleExponentialSmoothing,0.1774,155.35,26295485.0,1171.4,93,2009-11-30,2011-09-05,True,134.92307692307693,331.7932175351531,280.7749179509127,False,ASSORTED COLOURS SILK FAN,A,Y,AY
22726,SimpleExponentialSmoothing,0.4013,0.0,377975.3,776.8,93,2009-11-30,2011-09-05,True,86.76923076923077,171.57154673283705,89.22647519515274,False,ALARM CLOCK BAKELIKE GREEN,A,Y,AY
22385,SimpleExponentialSmoothing,0.0,157.47,1970153.2,930.4,93,2009-11-30,2011-09-05,True,96.15384615384616,94.95947063689,94.95947053814136,True,JUMBO BAG SPACEBOY DESIGN,A,Y,AY
22865,SimpleExponentialSmoothing,0.8315,0.0,2407434.2,949.0,93,2009-11-30,2011-09-05,True,364.5384615384616,384.1827956989247,269.2632940054978,True,HAND WARMER OWL DESIGN,A,Z,AZ
22077,SimpleExponentialSmoothing,0.3726,18.93,659855.3,828.6,93,2009-11-30,2011-09-05,True,104.76923076923076,121.92473118279574,98.0299226482298,True,6 RIBBONS RUSTIC CHARM,A,X,AX
85152,SimpleExponentialSmoothing,0.0,142.2,941137.1,861.7,93,2009-11-30,2011-09-05,True,257.61538461538464,163.64516129032256,163.64516106982092,True,HAND OVER THE CHOCOLATE   SIGN,A,Y,AY
85014B,SimpleExponentialSmoothing,0.396,516.7,1254022.4,888.4,93,2009-11-30,2011-09-05,True,34.0,29.622828784119115,33.2167431774844,True,RED RETROSPOT UMBRELLA,A,Z,AZ
48184,SimpleExponentialSmoothing,0.0,42.09,278367.3,748.4,93,2009-11-30,2011-09-05,True,48.07692307692308,51.43093465674112,51.43093447284093,False,DOORMAT ENGLISH ROSE,A,Y,AY
23245,SimpleExponentialSmoothing,0.4116,0.0,627023.9,823.9,93,2009-11-30,2011-09-05,True,81.76923076923077,165.82712985938798,65.53953887401528,True,SET OF 3 REGENCY CAKE TINS,A,Z,AZ
21479,SimpleExponentialSmoothing,0.8209,203.71,433774.2,789.6,93,2009-11-30,2011-09-05,True,111.15384615384616,93.58478081058726,110.26666068775282,True,WHITE SKULL HOT WATER BOTTLE,A,Z,AZ
22697,SimpleExponentialSmoothing,0.3989,0.0,259241.2,741.8,93,2009-11-30,2011-09-05,True,60.69230769230769,74.98759305210919,59.86620337298813,True,GREEN REGENCY TEACUP AND SAUCER,A,Y,AY
23199,SimpleExponentialSmoothing,0.3339,0.0,1974098.2,930.6,93,2009-11-30,2011-09-05,True,170.69230769230768,245.70223325062037,208.9582356754952,False,JUMBO BAG APPLES,A,Z,AZ
22501,SimpleExponentialSmoothing,0.4528,0.0,123008.3,672.4,93,2009-11-30,2011-09-05,True,4.846153846153846,22.75765095119933,5.385833050352753,False,PICNIC BASKET WICKER LARGE,A,Z,AZ
20679,SimpleExponentialSmoothing,0.2821,464.64,1690405.4,916.1,93,2009-11-30,2011-09-05,True,28.846153846153847,26.42679900744417,23.211275831483007,True,EDWARDIAN PARASOL RED,A,Z,AZ
21217,SimpleExponentialSmoothing,0.1053,46.06,51790.7,592.0,93,2009-11-30,2011-09-05,True,16.307692307692307,16.210918114143922,9.91103756247993,True,RED SPOTTY ROUND CAKE TINS,A,Y,AY
84029G,SimpleExponentialSmoothing,0.8026,312.18,364129.0,773.4,93,2009-11-30,2011-09-05,True,62.46153846153846,64.10587262200164,66.22024876278748,False,KNITTED UNION FLAG HOT WATER BOTTLE,A,Z,AZ
22659,SimpleExponentialSmoothing,0.1255,3.18,2580445.0,955.5,93,2009-11-30,2011-09-05,True,114.92307692307692,107.5558312655087,121.57857845295328,False,LUNCH BOX I LOVE LONDON,A,Y,AY
47590B,SimpleExponentialSmoothing,0.2223,15.79,329863.6,764.2,93,2009-11-30,2011-09-05,True,13.692307692307692,27.72456575682383,24.97870647874793,False,PINK HAPPY BIRTHDAY BUNTING,A,Y,AY
22622,SimpleExponentialSmoothing,0.2181,0.02,150061.9,690.9,93,2009-11-30,2011-09-05,True,24.53846153846154,20.57320099255583,24.390714821362693,True,BOX OF VINTAGE ALPHABET BLOCKS,A,Z,AZ
22158,SimpleExponentialSmoothing,0.5883,2.19,1046705.4,871.6,93,2009-11-30,2011-09-05,True,104.15384615384616,112.90901571546736,119.45025749495947,False,3 HEARTS HANGING DECORATION RUSTIC,A,Z,AZ
82483,SimpleExponentialSmoothing,0.1814,63.05,119934.3,670.1,93,2009-11-30,2011-09-05,True,32.69230769230769,25.17866004962779,25.19295237168364,True,WOOD 2 DRAWER CABINET WHITE FINISH,A,X,AX
48188,SimpleExponentialSmoothing,0.0,48.85,849057.9,852.1,93,2009-11-30,2011-09-05,True,21.692307692307693,42.41108354011581,42.41109502225125,False,DOORMAT WELCOME PUPPIES,A,Z,AZ
20971,SimpleExponentialSmoothing,0.1601,300.84,3763840.8,990.6,93,2009-11-30,2011-09-05,True,440.6923076923077,435.967741935484,439.3269470321894,True,PINK BLUE FELT CRAFT TRINKET BOX,A,Z,AZ
84978,SimpleExponentialSmoothing,0.2295,128.1,981814.9,865.6,93,2009-11-30,2011-09-05,True,109.6153846153846,96.9454094292804,97.24133594784628,True,HANGING HEART JAR T-LIGHT HOLDER,A,X,AX
22866,SimpleExponentialSmoothing,0.9679,0.0,1661772.2,914.5,93,2009-11-30,2011-09-05,True,192.23076923076923,307.33416046319275,193.4008809831064,False,HAND WARMER SCOTTY DOG DESIGN,A,Z,AZ
22467,SimpleExponentialSmoothing,0.4488,0.0,851281.9,852.3,93,2009-11-30,2011-09-05,True,94.15384615384616,111.81141439205956,105.62389826837652,False,GUMBALL COAT RACK,A,Y,AY
22752,SimpleExponentialSmoothing,0.4991,0.0,125617.3,674.4,93,2009-11-30,2011-09-05,True,42.38461538461539,33.86352357320099,39.80823039904371,True,SET 7 BABUSHKA NESTING BOXES,A,Z,AZ
21977,SimpleExponentialSmoothing,0.0,556.43,15223013.0,1120.5,93,2009-11-30,2011-09-05,True,371.38461538461536,296.9131513647643,296.91334334693,True,PACK OF 60 PINK PAISLEY CAKE CASES,A,X,AX
22188,SimpleExponentialSmoothing,0.0,103.04,6209007.9,1037.1,93,2009-11-30,2011-09-05,True,59.30769230769231,97.86931348221673,97.86931058030008,False,BLACK HEART CARD HOLDER,A,Z,AZ
82583,SimpleExponentialSmoothing,0.0,103.89,791124.9,845.5,93,2009-11-30,2011-09-05,True,256.7692307692308,159.8271298593879,159.8271296405228,True,HOT BATHS METAL SIGN,A,Y,AY
23201,SimpleExponentialSmoothing,0.2899,0.0,1304333.2,892.0,93,2009-11-30,2011-09-05,True,208.7692307692308,331.34243176178654,192.2027227412341,True,JUMBO BAG ALPHABET,A,Z,AZ
22492,SimpleExponentialSmoothing,0.1415,20.38,10831621.3,1088.9,93,2009-11-30,2011-09-05,True,465.0769230769231,364.1935483870967,351.895221255375,True,MINI PAINT SET VINTAGE,A,Y,AY
20719,SimpleExponentialSmoothing,0.0351,200.43,1535536.8,907.2,93,2009-11-30,2011-09-05,True,108.92307692307692,74.0074441687345,70.80479912260861,True,WOODLAND CHARLOTTE BAG,A,X,AX
47566B,SimpleExponentialSmoothing,0.3043,22.68,499018.8,802.7,93,2009-11-30,2011-09-05,True,9.0,56.05128205128204,15.06305551043624,False,TEA TIME PARTY BUNTING,A,Y,AY
22624,SimpleExponentialSmoothing,0.4771,0.0,41046.2,570.4,93,2009-11-30,2011-09-05,True,51.07692307692308,18.54921422663358,27.33087991762288,True,IVORY KITCHEN SCALES,A,Y,AY
21930,SimpleExponentialSmoothing,0.0,122.55,751351.0,840.7,93,2009-11-30,2011-09-05,True,151.69230769230768,73.80397022332507,73.80396841983352,True,JUMBO STORAGE BAG SKULLS,A,X,AX
72741,SimpleExponentialSmoothing,0.2399,277.68,3725430.7,989.6,93,2009-11-30,2011-09-05,True,91.84615384615384,84.00248138957816,100.37518673186776,False,GRAND CHOCOLATECANDLE,A,Y,AY
22835,SimpleExponentialSmoothing,0.5321,0.0,200909.0,718.1,93,2009-11-30,2011-09-05,True,96.6153846153846,119.92721257237385,77.35170778804134,True,HOT WATER BOTTLE I AM SO POORLY,A,Z,AZ
84991,SimpleExponentialSmoothing,0.1242,588.63,9544375.4,1077.1,93,2009-11-30,2011-09-05,True,564.6153846153846,251.53763440860212,183.00158190321443,True,60 TEATIME FAIRY CAKE CASES,A,X,AX
22961,SimpleExponentialSmoothing,0.2703,0.0,2631479.7,957.3,93,2009-11-30,2011-09-05,True,149.30769230769232,274.4557485525228,142.7302520967911,True,JAM MAKING SET PRINTED,A,Y,AY
20750,SimpleExponentialSmoothing,0.0,34.44,46480.9,581.9,93,2009-11-30,2011-09-05,True,16.384615384615383,16.34160463192721,16.34160463651244,True,RED RETROSPOT MINI CASES,A,X,AX
71459,SimpleExponentialSmoothing,0.1711,226.25,7681945.4,1056.9,93,2009-11-30,2011-09-05,True,197.46153846153845,190.16625310173697,134.41422566339205,True,HANGING JAM JAR T-LIGHT HOLDER,A,Y,AY
22734,SimpleExponentialSmoothing,0.3957,0.0,3901707.9,993.9,93,2009-11-30,2011-09-05,True,128.53846153846155,140.15550041356497,160.7310887700747,False,SET OF 6 RIBBONS VINTAGE CHRISTMAS,A,Z,AZ
22149,SimpleExponentialSmoothing,0.3459,199.04,788304.6,845.2,93,2009-11-30,2011-09-05,True,180.46153846153845,197.9487179487179,192.5448092198073,False,FELTCRAFT 6 FLOWER FRIENDS,A,Y,AY
22867,SimpleExponentialSmoothing,0.9872,0.0,1511910.2,905.8,93,2009-11-30,2011-09-05,True,163.15384615384616,259.6451612903225,163.78982554507542,False,HAND WARMER BIRD DESIGN,A,Z,AZ
48111,SimpleExponentialSmoothing,0.0836,69.07,302220.1,756.0,93,2009-11-30,2011-09-05,True,48.69230769230769,62.668320926385455,43.18901689806062,True,DOORMAT 3 SMILEY CATS,A,Z,AZ
22551,SimpleExponentialSmoothing,0.2346,2.8,1205823.2,884.7,93,2009-11-30,2011-09-05,True,55.38461538461539,74.80562448304383,74.87315139280865,False,PLASTERS IN TIN SPACEBOY,A,Y,AY
82600,SimpleExponentialSmoothing,0.0,114.99,498073.0,802.5,93,2009-11-30,2011-09-05,True,244.3846153846154,188.22497932175352,188.2249788441902,True,NO SINGING METAL SIGN,A,Y,AY
20711,SimpleExponentialSmoothing,0.0,124.73,1668530.3,914.9,93,2009-11-30,2011-09-05,True,60.61538461538461,73.01488833746899,73.0148794299477,False,JUMBO BAG TOYS,A,Y,AY
21481,SimpleExponentialSmoothing,0.2906,142.57,1187995.9,883.3,93,2009-11-30,2011-09-05,True,67.15384615384616,46.98097601323408,59.65725688092677,True,FAWN BLUE HOT WATER BOTTLE,A,Y,AY
22507,SimpleExponentialSmoothing,0.06,22.11,700175.6,834.2,93,2009-11-30,2011-09-05,True,41.61538461538461,48.12820512820512,46.69010819956031,False,MEMO BOARD RETROSPOT  DESIGN,A,Z,AZ
37503,SimpleExponentialSmoothing,0.1605,84.49,128269.2,676.3,93,2009-11-30,2011-09-05,True,0.0,26.5483870967742,0.0029013349746135,False,TEA TIME CAKE STAND IN GIFT BOX,A,Z,AZ
22087,SimpleExponentialSmoothing,0.5738,28.98,512625.2,805.2,93,2009-11-30,2011-09-05,True,48.38461538461539,98.31761786600497,48.38465497479659,False,PAPER BUNTING WHITE LACE,A,Y,AY
21080,SimpleExponentialSmoothing,0.0911,288.85,4504325.8,1007.3,93,2009-11-30,2011-09-05,True,70.6923076923077,108.2712985938792,67.60760278166208,True,SET/20 RED RETROSPOT PAPER NAPKINS,A,X,AX
21108,SimpleExponentialSmoothing,0.0,103.72,18942137.0,1140.9,93,2009-11-30,2011-09-05,True,247.23076923076923,202.26137303556663,202.2611661859999,True,FAIRY CAKE FLANNEL ASSORTED COLOUR,A,Z,AZ
84755,SimpleExponentialSmoothing,0.2964,151.61,7749004.0,1057.7,93,2009-11-30,2011-09-05,True,192.6153846153846,220.60794044665013,185.0413898423644,True,COLOUR GLASS T-LIGHT HOLDER HANGING,A,Y,AY
22084,SimpleExponentialSmoothing,0.6899,113.38,1026845.6,869.8,93,2009-11-30,2011-09-05,True,2.1538461538461537,92.91149710504548,2.07345118074467,True,PAPER CHAIN KIT EMPIRE,A,Z,AZ
21527,SimpleExponentialSmoothing,0.1056,59.33,148501.6,689.9,93,2009-11-30,2011-09-05,True,0.0,36.12903225806452,2.137851507058905,False,RED RETROSPOT TRADITIONAL TEAPOT,A,Y,AY
23173,SimpleExponentialSmoothing,0.1713,0.0,440273.5,791.0,93,2009-11-30,2011-09-05,True,44.46153846153846,22.253101736972702,53.57566043366637,False,REGENCY TEAPOT ROSES,A,Z,AZ
20972,SimpleExponentialSmoothing,0.1069,157.47,4497965.9,1007.1,93,2009-11-30,2011-09-05,True,64.3076923076923,64.18114143920596,66.3024385964029,False,PINK CREAM FELT CRAFT TRINKET BOX,A,Y,AY
21314,SimpleExponentialSmoothing,0.0442,143.17,1514634.4,905.9,93,2009-11-30,2011-09-05,True,49.76923076923077,47.95285359801489,48.1656303912201,True,SMALL GLASS HEART TRINKET POT,A,Y,AY
84836,SimpleExponentialSmoothing,0.1497,289.31,2189150.5,940.2,93,2009-11-30,2011-09-05,True,85.15384615384616,92.32506203473946,78.90297013558023,True,ZINC METAL HEART DECORATION,A,Y,AY
84077,SimpleExponentialSmoothing,0.0,962.13,80340517.6,1275.2,93,2009-11-30,2011-09-05,True,868.0769230769231,480.6426799007445,480.6415955412145,True,WORLD WAR 2 GLIDERS ASSTD DESIGNS,A,Y,AY
22722,SimpleExponentialSmoothing,0.2409,0.0,302571.5,756.1,93,2009-11-30,2011-09-05,True,197.46153846153845,168.02481389578168,174.27450471499196,True,SET OF 6 SPICE TINS PANTRY DESIGN,A,Z,AZ
22698,SimpleExponentialSmoothing,0.4219,0.0,386722.9,779.0,93,2009-11-30,2011-09-05,True,70.23076923076923,73.39702233250621,56.790786358206894,True,PINK REGENCY TEACUP AND SAUCER,A,Y,AY
22728,SimpleExponentialSmoothing,0.1238,0.01,540221.0,810.0,93,2009-11-30,2011-09-05,True,79.76923076923077,121.35980148883374,79.22837261466489,True,ALARM CLOCK BAKELIKE PINK,A,Z,AZ
48173C,SimpleExponentialSmoothing,0.0,41.19,778708.5,844.0,93,2009-11-30,2011-09-05,True,19.923076923076923,33.51861042183622,33.518631194359685,False,DOORMAT BLACK FLOCK,A,Z,AZ
21231,SimpleExponentialSmoothing,0.424,315.27,1754661.6,919.6,93,2009-11-30,2011-09-05,True,88.15384615384616,56.21091811414392,90.89287158843771,False,SWEETHEART CERAMIC TRINKET BOX,A,Y,AY
47590A,SimpleExponentialSmoothing,0.3372,15.35,324236.7,762.6,93,2009-11-30,2011-09-05,True,16.076923076923077,23.680727874276265,21.933821076936223,False,BLUE HAPPY BIRTHDAY BUNTING,A,Y,AY
22171,SimpleExponentialSmoothing,0.0,32.29,252149.2,739.2,93,2009-11-30,2011-09-05,True,13.153846153846152,20.6302729528536,20.63022215322186,False,3 HOOK PHOTO SHELF ANTIQUE WHITE,A,Z,AZ
23344,SimpleExponentialSmoothing,0.3376,0.0,225009.9,728.6,93,2009-11-30,2011-09-05,True,311.46153846153845,658.1869313482215,447.3563786567475,False,JUMBO BAG 50'S CHRISTMAS,A,Z,AZ
21955,SimpleExponentialSmoothing,0.0365,58.25,624053.9,823.5,93,2009-11-30,2011-09-05,True,12.76923076923077,36.1232423490488,27.82976602297216,False,DOORMAT UNION JACK GUNS AND ROSES,A,Z,AZ
21790,SimpleExponentialSmoothing,0.3853,236.72,2482978.5,951.9,93,2009-11-30,2011-09-05,True,494.7692307692308,246.82712985938795,171.340511450348,True,VINTAGE SNAP CARDS,A,Y,AY
23243,SimpleExponentialSmoothing,0.1743,0.0,389533.4,779.6,93,2009-11-30,2011-09-05,True,168.69230769230768,191.89660876757645,180.74480552743307,False,SET OF TEA COFFEE SUGAR TINS PANTRY,A,Z,AZ
22605,SimpleExponentialSmoothing,0.2934,0.0,66901.0,615.8,93,2009-11-30,2011-09-05,True,6.615384615384615,9.310173697270471,6.470076078436005,True,WOODEN CROQUET GARDEN SET,A,Z,AZ
22625,SimpleExponentialSmoothing,0.2554,0.0,38030.2,563.3,93,2009-11-30,2011-09-05,True,38.76923076923077,16.11993382961125,19.282117239364947,True,RED KITCHEN SCALES,A,Y,AY
84406B,SimpleExponentialSmoothing,0.0848,84.1,419738.6,786.6,93,2009-11-30,2011-09-05,True,11.538461538461538,56.71960297766749,28.406519783423416,False,CREAM CUPID HEARTS COAT HANGER,A,Y,AY
22607,SimpleExponentialSmoothing,0.3973,0.0,81014.6,633.6,93,2009-11-30,2011-09-05,True,10.461538461538462,17.234904880066168,9.695124122062149,True,WOODEN ROUNDERS GARDEN SET,A,Y,AY
21791,SimpleExponentialSmoothing,0.1791,175.82,3110834.3,972.9,93,2009-11-30,2011-09-05,True,113.84615384615384,109.73945409429278,107.94714578028116,True,VINTAGE HEADS AND TAILS CARD GAME,A,Y,AY
22554,SimpleExponentialSmoothing,0.1558,9.15,845110.9,851.7,93,2009-11-30,2011-09-05,True,81.07692307692308,95.2952853598015,85.63346131454962,False,PLASTERS IN TIN WOODLAND ANIMALS,A,Y,AY
21936,SimpleExponentialSmoothing,0.2432,37.79,544451.3,810.8,93,2009-11-30,2011-09-05,True,77.46153846153847,65.18196856906535,55.32817823583795,True,RED RETROSPOT PICNIC BAG,A,Y,AY
84970S,SimpleExponentialSmoothing,0.1848,245.19,2044548.4,933.8,93,2009-11-30,2011-09-05,True,63.15384615384615,138.53349875930522,64.76335688621096,False,HANGING HEART ZINC T-LIGHT HOLDER,A,X,AX
22556,SimpleExponentialSmoothing,0.2087,4.06,1530151.6,906.9,93,2009-11-30,2011-09-05,True,47.0,41.851943755169565,49.07294702180539,False,PLASTERS IN TIN CIRCUS PARADE,A,Y,AY
37449,SimpleExponentialSmoothing,0.0676,39.66,107307.9,659.7,93,2009-11-30,2011-09-05,True,7.923076923076923,20.386269644334163,9.95818063042868,False,CERAMIC CAKE STAND + HANGING CAKES,A,Y,AY
85014A,SimpleExponentialSmoothing,0.3762,461.6,1034784.9,870.5,93,2009-11-30,2011-09-05,True,19.923076923076923,26.37303556658395,16.932240835723324,True,BLACK/BLUE POLKADOT UMBRELLA,A,Z,AZ
20749,SimpleExponentialSmoothing,0.0,25.69,70400.0,620.5,93,2009-11-30,2011-09-05,True,37.07692307692308,32.73531844499586,32.73531290917637,True,ASSORTED COLOUR MINI CASES,A,Y,AY
22113,SimpleExponentialSmoothing,0.5287,201.38,323325.6,762.3,93,2009-11-30,2011-09-05,True,100.3846153846154,93.12655086848636,93.11200281057556,True,GREY HEART HOT WATER BOTTLE,A,Z,AZ
22585,SimpleExponentialSmoothing,0.4956,0.0,1651824.8,914.0,93,2009-11-30,2011-09-05,True,131.69230769230768,85.30686517783292,150.0625161406502,False,PACK OF 6 BIRDY GIFT TAGS,A,Y,AY
23202,SimpleExponentialSmoothing,0.4167,0.0,1005811.3,867.8,93,2009-11-30,2011-09-05,True,111.23076923076924,230.5525227460712,111.2949530944492,False,JUMBO BAG VINTAGE LEAF,A,Z,AZ
22499,SimpleExponentialSmoothing,0.7669,0.0,82292.1,635.0,93,2009-11-30,2011-09-05,True,4.538461538461538,28.914805624483044,4.619125159429827,False,WOODEN UNION JACK BUNTING,A,Y,AY
22941,SimpleExponentialSmoothing,0.4527,0.0,138331.5,683.3,93,2009-11-30,2011-09-05,True,74.0,90.38709677419357,59.91170401681091,True,CHRISTMAS LIGHTS 10 REINDEER,A,Z,AZ
21210,SimpleExponentialSmoothing,0.1024,133.23,1219464.3,885.8,93,2009-11-30,2011-09-05,True,86.84615384615384,72.42679900744416,78.54411439445174,True,SET OF 72 RETROSPOT PAPER  DOILIES,A,Y,AY
22456,SimpleExponentialSmoothing,0.0871,18.77,407031.2,783.7,93,2009-11-30,2011-09-05,True,13.23076923076923,12.672456575682382,11.39312040345099,True,NATURAL SLATE CHALKBOARD LARGE,A,Y,AY
22969,SimpleExponentialSmoothing,0.2825,0.0,3411830.8,981.4,93,2009-11-30,2011-09-05,True,169.07692307692307,159.60545905707198,153.36945491741747,True,HOMEMADE JAM SCENTED CANDLES,A,Z,AZ
21213,SimpleExponentialSmoothing,0.1182,351.12,8803849.4,1069.6,93,2009-11-30,2011-09-05,True,521.3076923076923,199.0661703887511,182.10706132197785,True,PACK OF 72 SKULL CAKE CASES,A,Y,AY
21258,SimpleExponentialSmoothing,0.8416,58.11,21930.4,512.1,93,2009-11-30,2011-09-05,True,9.923076923076923,8.07940446650124,10.873287106380925,False,VICTORIAN SEWING BOX LARGE,A,Z,AZ
23209,SimpleExponentialSmoothing,0.3209,0.0,1965593.5,930.2,93,2009-11-30,2011-09-05,True,122.53846153846152,255.2663358147229,136.95397788559615,False,LUNCH BAG VINTAGE DOILY,A,Z,AZ
85048,SimpleExponentialSmoothing,0.6715,70.31,61213.9,607.5,93,2009-11-30,2011-09-05,True,49.53846153846154,66.54342431761786,42.29788325619322,True,15CM CHRISTMAS GLASS BALL 20 LIGHTS,A,Z,AZ
22570,SimpleExponentialSmoothing,0.1907,2.7,389281.0,779.6,93,2009-11-30,2011-09-05,True,72.3076923076923,74.7518610421836,78.027274129368,False,FELTCRAFT CUSHION RABBIT,A,Y,AY
22424,SimpleExponentialSmoothing,0.17,0.44,26518.8,529.7,93,2009-11-30,2011-09-05,True,8.0,7.551695616211745,7.606820071743426,True,ENAMEL BREAD BIN CREAM,A,Y,AY
23206,SimpleExponentialSmoothing,0.2875,0.0,1445240.9,901.6,93,2009-11-30,2011-09-05,True,175.84615384615384,153.50785773366422,149.45619955841627,True,LUNCH BAG APPLE DESIGN,A,Z,AZ
84997A,SimpleExponentialSmoothing,0.0,49.61,296220.1,754.2,93,2009-11-30,2011-09-05,True,41.0,36.46650124069479,36.466500371619176,True,GREEN 3 PIECE MINI DOTS CUTLERY SET,A,Y,AY
22294,SimpleExponentialSmoothing,0.253,337.02,2036809.6,933.5,93,2009-11-30,2011-09-05,True,80.3076923076923,96.16129032258068,71.58383439297623,True,HEART FILIGREE DOVE  SMALL,A,Y,AY
22356,SimpleExponentialSmoothing,0.0,183.59,1186580.5,883.2,93,2009-11-30,2011-09-05,True,86.84615384615384,76.61869313482215,76.61868795005893,True,CHARLOTTE BAG PINK POLKADOT,A,X,AX
21218,SimpleExponentialSmoothing,0.0,51.95,146996.7,689.0,93,2009-11-30,2011-09-05,True,33.92307692307692,30.663358147229115,30.66335677094777,True,RED SPOTTY BISCUIT TIN,A,Y,AY
48116,SimpleExponentialSmoothing,0.0,31.58,316218.6,760.2,93,2009-11-30,2011-09-05,True,39.76923076923077,52.86352357320101,52.86352154392979,False,DOORMAT MULTICOLOUR STRIPE,A,Z,AZ
22632,SimpleExponentialSmoothing,0.2382,0.0,5180845.9,1020.3,93,2009-11-30,2011-09-05,True,101.0,153.48221670802317,124.73662574075205,False,HAND WARMER RED RETROSPOT,A,Z,AZ
22617,SimpleExponentialSmoothing,0.1235,8.31,160423.3,697.1,93,2009-11-30,2011-09-05,True,57.61538461538461,52.64185277088502,58.72358040168945,False,BAKING SET SPACEBOY DESIGN,A,Y,AY
22693,SimpleExponentialSmoothing,0.0845,6.53,15603877.1,1122.8,93,2009-11-30,2011-09-05,True,92.53846153846152,96.43258891645988,92.83612667684224,False,GROW A FLYTRAP OR SUNFLOWER IN TIN,A,Z,AZ
20723,SimpleExponentialSmoothing,0.1,118.77,959532.7,863.5,93,2009-11-30,2011-09-05,True,137.15384615384616,56.77253928866833,68.56084544421535,True,STRAWBERRY CHARLOTTE BAG,A,X,AX
21559,SimpleExponentialSmoothing,0.0,78.53,335915.2,765.9,93,2009-11-30,2011-09-05,True,47.07692307692308,43.58726220016543,43.58726586467545,True,STRAWBERRY LUNCH BOX WITH CUTLERY,A,X,AX
22568,SimpleExponentialSmoothing,0.3372,0.15,198230.7,716.8,93,2009-11-30,2011-09-05,True,89.3076923076923,85.81637717121588,79.18026616446535,True,FELTCRAFT CUSHION OWL,A,Y,AY
85150,SimpleExponentialSmoothing,0.0,79.59,595194.5,819.1,93,2009-11-30,2011-09-05,True,347.6923076923077,24.828784119106707,24.82877635966294,True,LADIES & GENTLEMEN METAL SIGN,A,Y,AY
21216,SimpleExponentialSmoothing,0.1683,46.26,89281.4,642.6,93,2009-11-30,2011-09-05,True,19.153846153846157,19.56741108354012,19.856583247119488,False,"SET 3 RETROSPOT TEA,COFFEE,SUGAR",A,Y,AY
22273,SimpleExponentialSmoothing,0.0,47.17,446327.3,792.3,93,2009-11-30,2011-09-05,True,205.30769230769232,194.14061207609595,194.1406117769786,True,FELTCRAFT DOLL MOLLY,A,Z,AZ
22569,SimpleExponentialSmoothing,0.2144,1.66,480236.0,799.1,93,2009-11-30,2011-09-05,True,66.23076923076923,65.35401157981804,71.18111479039159,False,FELTCRAFT CUSHION BUTTERFLY,A,Y,AY
21622,SimpleExponentialSmoothing,0.0626,63.18,522804.4,807.0,93,2009-11-30,2011-09-05,True,2.3846153846153846,37.23904052936311,7.446737260625508,False,VINTAGE UNION JACK CUSHION COVER,A,Z,AZ
22900,SimpleExponentialSmoothing,0.1324,0.29,692747.0,833.2,93,2009-11-30,2011-09-05,True,58.07692307692308,43.54838709677419,40.51331134619226,True,SET 2 TEA TOWELS I LOVE LONDON,A,Z,AZ
22413,SimpleExponentialSmoothing,0.1892,18.84,365810.6,773.8,93,2009-11-30,2011-09-05,True,142.53846153846155,139.12406947890818,142.2595891436865,True,METAL SIGN TAKE IT OR LEAVE IT,A,Z,AZ
48129,SimpleExponentialSmoothing,0.0713,40.73,224469.1,728.4,93,2009-11-30,2011-09-05,True,44.0,41.5616211745244,29.963430819970647,True,DOORMAT TOPIARY,A,Z,AZ
22381,SimpleExponentialSmoothing,0.2267,22.4,596375.7,819.2,93,2009-11-30,2011-09-05,True,58.07692307692308,75.5880893300248,58.00576441297368,True,TOY TIDY PINK POLKADOT,A,Y,AY
21174,SimpleExponentialSmoothing,0.0664,109.95,489978.7,801.0,93,2009-11-30,2011-09-05,True,96.6923076923077,96.76013234077752,100.9007692577499,False,POTTERING IN THE SHED METAL SIGN,A,Y,AY
22558,SimpleExponentialSmoothing,0.4563,0.0,1574739.1,909.5,93,2009-11-30,2011-09-05,True,127.53846153846152,72.17287014061206,60.9137624358315,True,CLOTHES PEGS RETROSPOT PACK 24,A,Y,AY
22169,SimpleExponentialSmoothing,0.183,6.72,15012.9,476.8,93,2009-11-30,2011-09-05,True,23.76923076923077,20.74937965260545,20.3342212984002,True,FAMILY ALBUM WHITE PICTURE FRAME,A,Y,AY
22561,SimpleExponentialSmoothing,0.5285,0.0,822583.7,849.1,93,2009-11-30,2011-09-05,True,46.61538461538461,58.7948717948718,36.2777655910885,True,WOODEN SCHOOL COLOURING SET,A,Y,AY
21340,SimpleExponentialSmoothing,0.36,11.45,48412.0,585.7,93,2009-11-30,2011-09-05,True,13.923076923076923,8.05210918114144,10.148090598189448,True,CLASSIC METAL BIRDCAGE PLANT HOLDER,A,Y,AY
22427,SimpleExponentialSmoothing,0.3039,0.0,90628.4,644.0,93,2009-11-30,2011-09-05,True,28.923076923076923,26.46236559139785,33.95607876099015,False,ENAMEL FLOWER JUG CREAM,A,Y,AY
22952,SimpleExponentialSmoothing,0.5419,0.0,16308839.7,1126.9,93,2009-11-30,2011-09-05,True,357.9230769230769,647.2729528535981,399.9712149787486,False,60 CAKE CASES VINTAGE CHRISTMAS,A,Z,AZ
21908,SimpleExponentialSmoothing,0.0546,136.74,1216278.0,885.5,93,2009-11-30,2011-09-05,True,74.46153846153847,76.43507030603806,70.80089543588734,True,CHOCOLATE THIS WAY METAL SIGN,A,Y,AY
22061,SimpleExponentialSmoothing,0.1141,30.21,53397.5,594.8,93,2009-11-30,2011-09-05,True,20.692307692307693,25.94789081885856,20.121825059516134,True,LARGE CAKE STAND  HANGING STRAWBERY,A,Y,AY
84949,SimpleExponentialSmoothing,0.2346,131.33,1105201.2,876.6,93,2009-11-30,2011-09-05,True,108.3076923076923,103.7196029776675,113.29396872318917,False,SILVER HANGING T-LIGHT HOLDER,A,Y,AY
71053,SimpleExponentialSmoothing,0.2822,22.31,177170.9,706.4,93,2009-11-30,2011-09-05,True,27.07692307692308,23.520264681555,23.99908486925701,True,WHITE METAL LANTERN,A,Y,AY
84947,SimpleExponentialSmoothing,0.0,132.32,1332026.3,894.0,93,2009-11-30,2011-09-05,True,160.07692307692307,169.16129032258064,169.16148010647973,False,ANTIQUE SILVER TEA GLASS ENGRAVED,A,Y,AY
47591D,SimpleExponentialSmoothing,0.3517,194.65,411007.7,784.6,93,2009-11-30,2011-09-05,True,98.0,46.35732009925558,75.92363719672504,True,PINK FAIRY CAKE CHILDRENS APRON,A,Y,AY
22555,SimpleExponentialSmoothing,0.1378,10.56,1436071.6,901.0,93,2009-11-30,2011-09-05,True,82.6923076923077,40.28453267162944,43.87153606011797,True,PLASTERS IN TIN STRONGMAN,A,Y,AY
21035,SimpleExponentialSmoothing,0.0,57.59,500822.5,803.0,93,2009-11-30,2011-09-05,True,48.0,48.85690653432589,48.85688937421477,False,SET/2 RED RETROSPOT TEA TOWELS,A,Y,AY
22041,SimpleExponentialSmoothing,0.0,66.2,419635.1,786.6,93,2009-11-30,2011-09-05,True,52.84615384615385,55.56823821339951,55.568235095635146,False,"RECORD FRAME 7"" SINGLE SIZE",A,Y,AY
21121,SimpleExponentialSmoothing,0.0,147.82,2100151.9,936.3,93,2009-11-30,2011-09-05,True,112.76923076923076,86.74772539288666,86.74749117344639,True,SET/10 RED POLKADOT PARTY CANDLES,A,Y,AY
22847,SimpleExponentialSmoothing,0.5746,0.0,14577.9,474.1,93,2009-11-30,2011-09-05,True,26.07692307692308,13.908188585607942,14.69187447586576,True,BREAD BIN DINER STYLE IVORY,A,Y,AY
21484,SimpleExponentialSmoothing,0.5412,180.31,229812.2,730.6,93,2009-11-30,2011-09-05,True,50.0,43.06286186931348,56.50722989757735,False,CHICK GREY HOT WATER BOTTLE,A,Z,AZ
21430,SimpleExponentialSmoothing,0.1366,26.24,235765.9,732.9,93,2009-11-30,2011-09-05,True,30.384615384615383,18.687344913151364,37.14824568788838,False,SET/3 RED GINGHAM ROSE STORAGE BOX,A,Y,AY
22505,SimpleExponentialSmoothing,0.1352,8.89,142220.9,685.9,93,2009-11-30,2011-09-05,True,15.846153846153848,19.31100082712986,15.955041405881314,False,MEMO BOARD COTTAGE DESIGN,A,Y,AY
22147,SimpleExponentialSmoothing,0.2252,139.53,911662.2,858.7,93,2009-11-30,2011-09-05,True,217.30769230769232,210.61538461538464,220.47779702695487,False,FELTCRAFT BUTTERFLY HEARTS,A,Y,AY
22560,SimpleExponentialSmoothing,0.229,4.56,1328589.7,893.7,93,2009-11-30,2011-09-05,True,249.6153846153846,170.5674110835401,166.37771127992872,True,TRADITIONAL MODELLING CLAY,A,Y,AY
22352,SimpleExponentialSmoothing,0.0,68.18,218513.9,725.9,93,2009-11-30,2011-09-05,True,31.615384615384617,33.11910669975186,33.11910527846955,False,LUNCH BOX WITH CUTLERY RETROSPOT,A,X,AX
22297,SimpleExponentialSmoothing,0.287,160.77,1075230.2,874.1,93,2009-11-30,2011-09-05,True,39.84615384615385,73.95119933829612,37.80410556622876,True,HEART IVORY TRELLIS SMALL,A,Y,AY
84945,SimpleExponentialSmoothing,0.2771,4.9,3469863.4,983.0,93,2009-11-30,2011-09-05,True,220.30769230769232,184.45657568238212,193.8632613103212,True,MULTI COLOUR SILVER T-LIGHT HOLDER,A,Y,AY
84970L,SimpleExponentialSmoothing,0.0675,207.39,1548004.3,907.9,93,2009-11-30,2011-09-05,True,52.53846153846154,98.05210918114145,66.56200488329156,False,SINGLE HEART ZINC T-LIGHT HOLDER,A,X,AX
21914,SimpleExponentialSmoothing,0.5557,7.22,1062110.5,872.9,93,2009-11-30,2011-09-05,True,103.07692307692308,176.5409429280397,135.5700412475745,False,BLUE HARMONICA IN BOX,A,Y,AY
22633,SimpleExponentialSmoothing,0.8166,0.0,959098.7,863.4,93,2009-11-30,2011-09-05,True,173.07692307692307,223.56079404466504,180.14125872778965,False,HAND WARMER UNION JACK,A,Z,AZ
22776,SimpleExponentialSmoothing,0.5299,0.0,25467.6,526.0,93,2009-11-30,2011-09-05,True,8.0,6.73697270471464,9.99666891213022,False,SWEETHEART CAKESTAND 3 TIER,A,Y,AY
21136,SimpleExponentialSmoothing,0.0,96.11,1054754.9,872.3,93,2009-11-30,2011-09-05,True,37.84615384615385,43.66749379652605,43.66748910090514,False,PAINTED METAL PEARS ASSORTED,A,Y,AY
20718,SimpleExponentialSmoothing,0.0605,153.23,873787.6,854.8,93,2009-11-30,2011-09-05,True,49.61538461538461,61.07113316790737,50.38004096140384,False,RED RETROSPOT SHOPPER BAG,A,X,AX
22557,SimpleExponentialSmoothing,0.2632,2.21,999641.8,867.3,93,2009-11-30,2011-09-05,True,34.92307692307692,35.05789909015716,39.100629558886375,False,PLASTERS IN TIN VINTAGE PAISLEY,A,Y,AY
84992,SimpleExponentialSmoothing,0.0394,405.41,9227061.7,1074.0,93,2009-11-30,2011-09-05,True,111.92307692307692,171.26881720430111,133.37888824553218,False,72 SWEETHEART FAIRY CAKE CASES,A,Y,AY
22366,SimpleExponentialSmoothing,0.1014,17.54,181251.1,708.5,93,2009-11-30,2011-09-05,True,22.615384615384617,19.165425971877585,22.88754844043158,False,DOORMAT AIRMAIL,A,Z,AZ
21889,SimpleExponentialSmoothing,0.3371,122.08,943000.1,861.9,93,2009-11-30,2011-09-05,True,96.3076923076923,137.15136476426798,103.17100397625548,False,WOODEN BOX OF DOMINOES,A,Y,AY
23240,SimpleExponentialSmoothing,0.2929,0.0,259300.3,741.8,93,2009-11-30,2011-09-05,True,32.0,115.34822167080236,32.22042474796557,False,SET OF 4 KNICK KNACK TINS DOILY,A,Z,AZ
21156,SimpleExponentialSmoothing,0.1392,85.95,1059848.8,872.7,93,2009-11-30,2011-09-05,True,72.23076923076923,40.65922249793217,69.64322619991214,True,RETROSPOT CHILDRENS APRON,A,Y,AY
22654,SimpleExponentialSmoothing,0.4731,0.0,51825.2,592.0,93,2009-11-30,2011-09-05,True,21.53846153846154,15.2944582299421,19.83668197153635,True,DELUXE SEWING KIT,A,Y,AY
21535,SimpleExponentialSmoothing,0.0724,85.77,196786.8,716.1,93,2009-11-30,2011-09-05,True,26.23076923076923,47.2597187758478,32.574319137661504,False,RED RETROSPOT SMALL MILK JUG,A,Y,AY
22652,SimpleExponentialSmoothing,0.4594,0.0,1092363.3,875.5,93,2009-11-30,2011-09-05,True,153.23076923076923,102.96526054590572,124.78619559996356,True,TRAVEL SEWING KIT,A,Y,AY
21533,SimpleExponentialSmoothing,0.0,34.05,52958.7,594.1,93,2009-11-30,2011-09-05,True,8.384615384615385,18.96856906534326,18.968574456198496,False,RETRO SPOT LARGE MILK JUG,A,X,AX
21164,SimpleExponentialSmoothing,0.0662,97.93,522467.6,806.9,93,2009-11-30,2011-09-05,True,11.538461538461538,40.65756823821339,18.607232788534485,False,HOME SWEET HOME METAL SIGN,A,Y,AY
72760B,SimpleExponentialSmoothing,0.2644,26.23,33570.3,551.7,93,2009-11-30,2011-09-05,True,4.6923076923076925,10.909842845326711,2.8281087601107986,True,VINTAGE CREAM 3 BASKET CAKE STAND,A,Y,AY
22993,SimpleExponentialSmoothing,0.3518,0.0,881420.7,855.6,93,2009-11-30,2011-09-05,True,94.23076923076924,235.04880066170384,98.9653119498644,False,SET OF 4 PANTRY JELLY MOULDS,A,Y,AY
22837,SimpleExponentialSmoothing,0.7293,0.0,490883.6,801.1,93,2009-11-30,2011-09-05,True,0.6923076923076923,37.28618693134823,0.7060401505101687,False,HOT WATER BOTTLE BABUSHKA,A,Z,AZ
22487,SimpleExponentialSmoothing,0.606,0.0,9318.6,432.5,93,2009-11-30,2011-09-05,True,6.846153846153846,4.736145574855252,6.891621403366033,False,WHITE WOOD GARDEN PLANT LADDER,A,Y,AY
21155,SimpleExponentialSmoothing,0.0,64.95,532080.7,808.6,93,2009-11-30,2011-09-05,True,25.692307692307693,21.50124069478908,21.501249964250785,True,RED RETROSPOT PEG BAG,A,Y,AY
23301,SimpleExponentialSmoothing,0.563,0.0,245848.6,736.8,93,2009-11-30,2011-09-05,True,306.84615384615387,381.3622828784119,306.3081912421002,True,GARDENERS KNEELING PAD KEEP CALM,A,Z,AZ
22191,SimpleExponentialSmoothing,0.081,11.0,132257.0,679.2,93,2009-11-30,2011-09-05,True,8.461538461538462,9.377171215880894,16.24724776246763,False,IVORY DINER WALL CLOCK,A,Z,AZ
22662,SimpleExponentialSmoothing,0.3147,0.0,726435.1,837.6,93,2009-11-30,2011-09-05,True,99.07692307692308,41.36393713813069,75.8295565775661,True,LUNCH BAG DOLLY GIRL DESIGN,A,Y,AY
35004C,SimpleExponentialSmoothing,0.3174,82.17,148365.5,689.9,93,2009-11-30,2011-09-05,True,0.0,32.967741935483886,0.0001730308946362,False,SET OF 3 COLOURED  FLYING DUCKS,A,Z,AZ
22296,SimpleExponentialSmoothing,0.277,120.29,619867.0,822.8,93,2009-11-30,2011-09-05,True,47.69230769230769,65.79818031430933,39.76417592749771,True,HEART IVORY TRELLIS LARGE,A,Y,AY
22193,SimpleExponentialSmoothing,0.1506,15.09,21320.6,509.4,93,2009-11-30,2011-09-05,True,22.153846153846157,32.255583126550874,22.713198401243567,False,RED DINER WALL CLOCK,A,Y,AY
22634,SimpleExponentialSmoothing,0.2097,0.12,30064.1,541.4,93,2009-11-30,2011-09-05,True,14.076923076923077,7.286186931348221,8.022745671481632,True,CHILDS BREAKFAST SET SPACEBOY,A,Y,AY
21877,SimpleExponentialSmoothing,0.0,136.73,3385828.3,980.7,93,2009-11-30,2011-09-05,True,115.92307692307692,113.66004962779158,113.659772047535,True,HOME SWEET HOME MUG,A,Y,AY
22692,SimpleExponentialSmoothing,0.1515,0.23,46389.2,581.7,93,2009-11-30,2011-09-05,True,35.07692307692308,32.47394540942928,32.17831334813469,True,DOORMAT WELCOME TO OUR HOME,A,Z,AZ
22759,SimpleExponentialSmoothing,0.5876,0.0,365480.4,773.7,93,2009-11-30,2011-09-05,True,134.15384615384616,153.59305210918112,146.1571851138266,False,SET OF 3 NOTEBOOKS IN PARCEL,A,Y,AY
22690,SimpleExponentialSmoothing,0.0,22.57,351038.8,770.0,93,2009-11-30,2011-09-05,True,25.23076923076923,25.0545905707196,25.05459346759841,True,DOORMAT HOME SWEET HOME BLUE,A,Z,AZ
22635,SimpleExponentialSmoothing,0.2501,0.0,31337.3,545.3,93,2009-11-30,2011-09-05,True,9.923076923076923,6.987593052109181,6.753082259013929,True,CHILDS BREAKFAST SET DOLLY GIRL,A,Y,AY
22367,SimpleExponentialSmoothing,0.2717,14.25,286999.6,751.2,93,2009-11-30,2011-09-05,True,42.46153846153846,45.096774193548384,50.40052858531416,False,CHILDRENS APRON SPACEBOY DESIGN,A,X,AX
84375,SimpleExponentialSmoothing,0.2237,83.58,468408.2,796.8,93,2009-11-30,2011-09-05,True,41.0,39.15053763440861,62.157188574361726,False,SET OF 20 KIDS COOKIE CUTTERS,A,Y,AY
22170,SimpleExponentialSmoothing,0.1007,16.32,32845.2,549.6,93,2009-11-30,2011-09-05,True,26.153846153846157,25.38544251447477,23.68246646103325,True,PICTURE FRAME WOOD TRIPLE PORTRAIT,A,Y,AY
22619,SimpleExponentialSmoothing,0.1833,0.36,145320.9,687.9,93,2009-11-30,2011-09-05,True,70.6923076923077,51.01488833746899,46.93966528172429,True,SET OF 6 SOLDIER SKITTLES,A,Y,AY
22333,SimpleExponentialSmoothing,0.0,96.05,1394532.8,898.2,93,2009-11-30,2011-09-05,True,56.92307692307692,55.08933002481389,55.08932678665484,True,RETROSPOT PARTY BAG + STICKER SET,A,Y,AY
85232B,SimpleExponentialSmoothing,0.089,63.47,258661.5,741.6,93,2009-11-30,2011-09-05,True,0.0,33.22580645161291,1.881919647178648,False,SET/3 RUSSIAN DOLL STACKING TINS,A,Z,AZ
21891,SimpleExponentialSmoothing,0.0825,31.66,1310977.7,892.5,93,2009-11-30,2011-09-05,True,174.76923076923077,163.11414392059552,171.73282793828665,True,TRADITIONAL WOODEN SKIPPING ROPE,A,Y,AY
22173,SimpleExponentialSmoothing,0.1215,52.83,284945.7,750.6,93,2009-11-30,2011-09-05,True,33.53846153846154,21.380479735318445,23.759951916314225,True,METAL 4 HOOK HANGER FRENCH CHATEAU,A,Y,AY
22749,SimpleExponentialSmoothing,0.4219,0.0,124364.8,673.4,93,2009-11-30,2011-09-05,True,68.3076923076923,56.21339950372207,60.44316629726224,True,FELTCRAFT PRINCESS CHARLOTTE DOLL,A,Y,AY
84378,SimpleExponentialSmoothing,0.3201,103.47,825781.3,849.5,93,2009-11-30,2011-09-05,True,126.0,111.51861042183624,131.81046022635726,False,SET OF 3 HEART COOKIE CUTTERS,A,Y,AY
21844,SimpleExponentialSmoothing,0.0727,67.2,192675.6,714.2,93,2009-11-30,2011-09-05,True,32.23076923076923,46.685690653432594,34.01173228584806,False,RED RETROSPOT MUG,A,Y,AY
22940,SimpleExponentialSmoothing,0.3667,0.0,239720.1,734.5,93,2009-11-30,2011-09-05,True,35.0,59.22746071133167,36.71453624006198,False,FELTCRAFT CHRISTMAS FAIRY,A,Z,AZ
21094,SimpleExponentialSmoothing,0.0,195.53,3380543.2,980.6,93,2009-11-30,2011-09-05,True,187.46153846153845,103.82630272952854,103.8263301350044,True,SET/6 RED SPOTTY PAPER PLATES,A,Y,AY
22365,SimpleExponentialSmoothing,0.0441,21.34,198222.0,716.8,93,2009-11-30,2011-09-05,True,34.38461538461539,30.950372208436725,29.693205549488347,True,DOORMAT RESPECTABLE HOUSE,A,Z,AZ
22909,SimpleExponentialSmoothing,0.5907,0.0,4323334.7,1003.5,93,2009-11-30,2011-09-05,True,279.15384615384613,385.48717948717945,297.7024087259469,False,SET OF 20 VINTAGE CHRISTMAS NAPKINS,A,Z,AZ
21975,SimpleExponentialSmoothing,0.065,316.42,5438270.0,1024.8,93,2009-11-30,2011-09-05,True,249.53846153846155,196.28287841191064,180.50018830018516,True,PACK OF 60 DINOSAUR CAKE CASES,A,Y,AY
21165,SimpleExponentialSmoothing,0.0,89.96,669859.8,830.0,93,2009-11-30,2011-09-05,True,323.15384615384613,57.899917287014055,57.89995939514905,True,BEWARE OF THE CAT METAL SIGN,A,Y,AY
35970,SimpleExponentialSmoothing,0.5505,0.0,544357.6,810.8,93,2009-11-30,2011-09-05,True,150.76923076923077,294.8635235732009,220.69368330060948,False,ZINC FOLKART SLEIGH BELLS,A,Z,AZ
82582,SimpleExponentialSmoothing,0.0,64.27,295422.3,753.9,93,2009-11-30,2011-09-05,True,82.3076923076923,72.93796526054591,72.93796564926501,True,AREA PATROLLED METAL SIGN,A,Y,AY
22946,SimpleExponentialSmoothing,0.4876,0.0,19964.8,503.3,93,2009-11-30,2011-09-05,True,15.153846153846152,14.846980976013231,14.61430743607884,True,WOODEN ADVENT CALENDAR CREAM,A,Z,AZ
21122,SimpleExponentialSmoothing,0.0,121.74,1344959.8,894.9,93,2009-11-30,2011-09-05,True,44.23076923076923,55.59057071960297,55.590612350065264,False,SET/10 PINK POLKADOT PARTY CANDLES,A,Y,AY
22606,SimpleExponentialSmoothing,0.2467,0.24,56566.8,600.2,93,2009-11-30,2011-09-05,True,1.6923076923076923,9.717948717948715,3.714274112130352,False,WOODEN SKITTLES GARDEN SET,A,Z,AZ
22730,SimpleExponentialSmoothing,0.3383,0.0,107351.2,659.8,93,2009-11-30,2011-09-05,True,46.0,72.10173697270471,44.66904904470531,True,ALARM CLOCK BAKELIKE IVORY,A,Y,AY
21770,SimpleExponentialSmoothing,0.0,26.42,646872.7,826.8,93,2009-11-30,2011-09-05,True,17.692307692307693,18.99255583126551,18.992541653840185,False,OPEN CLOSED METAL SIGN,A,Z,AZ
17003,SimpleExponentialSmoothing,0.0757,379.82,202362743.9,1361.1,93,2009-11-30,2011-09-05,True,312.15384615384613,475.456575682382,348.5535593136905,False,BROCADE RING PURSE,A,Z,AZ
21912,SimpleExponentialSmoothing,0.0,32.96,169557.8,702.3,93,2009-11-30,2011-09-05,True,34.61538461538461,28.234077750206783,28.234076810359934,True,VINTAGE SNAKES & LADDERS,A,Y,AY
